image_id,filename,monument_category,source_title,source_url,image_url,width,height,timestamp,license,downloaded_at
taj_mahal_001,taj_mahal_001_dacbd0c7.jpg,Taj Mahal,File:20191204 Great Gate; Taj Mahal 0620 6532 DxO.jpg,https://commons.wikimedia.org/wiki/File:20191204_Great_Gate;_Taj_Mahal_0620_6532_DxO.jpg,https://upload.wikimedia.org/wikipedia/commons/thumb/a/af/20191204_Great_Gate%2C_Taj_Mahal_0620_6532_DxO.jpg/1280px-20191204_Great_Gate%2C_Taj_Mahal_0620_6532_DxO.jpg,5218,3470,2020-02-14T20:26:50Z,CC BY-SA 4.0,2026-02-28T00:43:53.686637
taj_mahal_002,taj_mahal_002_6e61fc27.jpg,Taj Mahal,File:20191204 Great Gate; Taj Mahal 0620 6532 DxO.jpg,https://commons.wikimedia.org/wiki/File:20191204_Great_Gate;_Taj_Mahal_0620_6532_DxO.jpg,https://upload.wikimedia.org/wikipedia/commons/thumb/a/af/20191204_Great_Gate%2C_Taj_Mahal_0620_6532_DxO.jpg/1280px-20191204_Great_Gate%2C_Taj_Mahal_0620_6532_DxO.jpg,5218,3470,2020-02-14T20:26:50Z,CC BY-SA 4.0,2026-02-28T00:43:53.686637
taj_mahal_003,taj_mahal_003_683f10b3.jpg,Taj Mahal,File:20191204 Great Gate; Taj Mahal 0620 6532 DxO.jpg,https://commons.wikimedia.org/wiki/File:20191204_Great_Gate;_Taj_Mahal_0620_6532_DxO.jpg,https://upload.wikimedia.org/wikipedia/commons/thumb/a/af/20191204_Great_Gate%2C_Taj_Mahal_0620_6532_DxO.jpg/1280px-20191204_Great_Gate%2C_Taj_Mahal_0620_6532_DxO.jpg,5218,3470,2020-02-14T20:26:50Z,CC BY-SA 4.0,2026-02-28T00:43:53.686637
taj_mahal_004,taj_mahal_004_dee7785c.jpg,Taj Mahal,File:20191204 Great Gate; Taj Mahal 0620 6532 DxO.jpg,https://commons.wikimedia.org/wiki/File:20191204_Great_Gate;_Taj_Mahal_0620_6532_DxO.jpg,https://upload.wikimedia.org/wikipedia/commons/thumb/a/af/20191204_Great_Gate%2C_Taj_Mahal_0620_6532_DxO.jpg/1280px-20191204_Great_Gate%2C_Taj_Mahal_0620_6532_DxO.jpg,5218,3470,2020-02-14T20:26:50Z,CC BY-SA 4.0,2026-02-28T00:43:53.686637
taj_mahal_005,taj_mahal_005_16852961.jpg,Taj Mahal,File:20191204 Great Gate; Taj Mahal 0620 6532 DxO.jpg,https://commons.wikimedia.org/wiki/File:20191204_Great_Gate;_Taj_Mahal_0620_6532_DxO.jpg,https://upload.wikimedia.org/wikipedia/commons/thumb/a/af/20191204_Great_Gate%2C_Taj_Mahal_0620_6532_DxO.jpg/1280px-20191204_Great_Gate%2C_Taj_Mahal_0620_6532_DxO.jpg,5218,3470,2020-02-14T20:26:50Z,CC BY-SA 4.0,2026-02-28T00:43:53.686637
taj_mahal_006,taj_mahal_006_d3ae3829.jpg,Taj Mahal,File:20191204 Great Gate; Taj Mahal 0620 6532 DxO.jpg,https://commons.wikimedia.org/wiki/File:20191204_Great_Gate;_Taj_Mahal_0620_6532_DxO.jpg,https://upload.wikimedia.org/wikipedia/commons/thumb/a/af/20191204_Great_Gate%2C_Taj_Mahal_0620_6532_DxO.jpg/1280px-20191204_Great_Gate%2C_Taj_Mahal_0620_6532_DxO.jpg,5218,3470,2020-02-14T20:26:50Z,CC BY-SA 4.0,2026-02-28T00:43:53.686637
taj_mahal_007,taj_mahal_007_c1f1a644.jpg,Taj Mahal,File:20191204 Great Gate; Taj Mahal 0620 6532 DxO.jpg,https://commons.wikimedia.org/wiki/File:20191204_Great_Gate;_Taj_Mahal_0620_6532_DxO.jpg,https://upload.wikimedia.org/wikipedia/commons/thumb/a/af/20191204_Great_Gate%2C_Taj_Mahal_0620_6532_DxO.jpg/1280px-20191204_Great_Gate%2C_Taj_Mahal_0620_6532_DxO.jpg,5218,3470,2020-02-14T20:26:50Z,CC BY-SA 4.0,2026-02-28T00:43:53.686637
taj_mahal_008,taj_mahal_008_b83faa30.jpg,Taj Mahal,File:20191204 Great Gate; Taj Mahal 0620 6532 DxO.jpg,https://commons.wikimedia.org/wiki/File:20191204_Great_Gate;_Taj_Mahal_0620_6532_DxO.jpg,https://upload.wikimedia.org/wikipedia/commons/thumb/a/af/20191204_Great_Gate%2C_Taj_Mahal_0620_6532_DxO.jpg/1280px-20191204_Great_Gate%2C_Taj_Mahal_0620_6532_DxO.jpg,5218,3470,2020-02-14T20:26:50Z,CC BY-SA 4.0,2026-02-28T00:43:53.686637
taj_mahal_009,taj_mahal_009_615e7f3a.jpg,Taj Mahal,File:20191204 Great Gate; Taj Mahal 0620 6532 DxO.jpg,https://commons.wikimedia.org/wiki/File:20191204_Great_Gate;_Taj_Mahal_0620_6532_DxO.jpg,https://upload.wikimedia.org/wikipedia/commons/thumb/a/af/20191204_Great_Gate%2C_Taj_Mahal_0620_6532_DxO.jpg/1280px-20191204_Great_Gate%2C_Taj_Mahal_0620_6532_DxO.jpg,5218,3470,2020-02-14T20:26:50Z,CC BY-SA 4.0,2026-02-28T00:43:53.686637
taj_mahal_010,taj_mahal_010_1a16e74c.jpg,Taj Mahal,File:20191204 Great Gate; Taj Mahal 0620 6532 DxO.jpg,https://commons.wikimedia.org/wiki/File:20191204_Great_Gate;_Taj_Mahal_0620_6532_DxO.jpg,https://upload.wikimedia.org/wikipedia/commons/thumb/a/af/20191204_Great_Gate%2C_Taj_Mahal_0620_6532_DxO.jpg/1280px-20191204_Great_Gate%2C_Taj_Mahal_0620_6532_DxO.jpg,5218,3470,2020-02-14T20:26:50Z,CC BY-SA 4.0,2026-02-28T00:43:53.686637
taj_mahal_011,taj_mahal_011_8338c857.jpg,Taj Mahal,File:20191204 Great Gate; Taj Mahal 0620 6532 DxO.jpg,https://commons.wikimedia.org/wiki/File:20191204_Great_Gate;_Taj_Mahal_0620_6532_DxO.jpg,https://upload.wikimedia.org/wikipedia/commons/thumb/a/af/20191204_Great_Gate%2C_Taj_Mahal_0620_6532_DxO.jpg/1280px-20191204_Great_Gate%2C_Taj_Mahal_0620_6532_DxO.jpg,5218,3470,2020-02-14T20:26:50Z,CC BY-SA 4.0,2026-02-28T00:43:53.686637
taj_mahal_012,taj_mahal_012_1de2468f.jpg,Taj Mahal,File:20191204 Great Gate; Taj Mahal 0620 6532 DxO.jpg,https://commons.wikimedia.org/wiki/File:20191204_Great_Gate;_Taj_Mahal_0620_6532_DxO.jpg,https://upload.wikimedia.org/wikipedia/commons/thumb/a/af/20191204_Great_Gate%2C_Taj_Mahal_0620_6532_DxO.jpg/1280px-20191204_Great_Gate%2C_Taj_Mahal_0620_6532_DxO.jpg,5218,3470,2020-02-14T20:26:50Z,CC BY-SA 4.0,2026-02-28T00:43:53.686637
taj_mahal_013,taj_mahal_013_0af2329f.jpg,Taj Mahal,File:20191204 Great Gate; Taj Mahal 0620 6532 DxO.jpg,https://commons.wikimedia.org/wiki/File:20191204_Great_Gate;_Taj_Mahal_0620_6532_DxO.jpg,https://upload.wikimedia.org/wikipedia/commons/thumb/a/af/20191204_Great_Gate%2C_Taj_Mahal_0620_6532_DxO.jpg/1280px-20191204_Great_Gate%2C_Taj_Mahal_0620_6532_DxO.jpg,5218,3470,2020-02-14T20:26:50Z,CC BY-SA 4.0,2026-02-28T00:43:53.686637
taj_mahal_014,taj_mahal_014_c03b31e3.jpg,Taj Mahal,File:20191204 Great Gate; Taj Mahal 0620 6532 DxO.jpg,https://commons.wikimedia.org/wiki/File:20191204_Great_Gate;_Taj_Mahal_0620_6532_DxO.jpg,https://upload.wikimedia.org/wikipedia/commons/thumb/a/af/20191204_Great_Gate%2C_Taj_Mahal_0620_6532_DxO.jpg/1280px-20191204_Great_Gate%2C_Taj_Mahal_0620_6532_DxO.jpg,5218,3470,2020-02-14T20:26:50Z,CC BY-SA 4.0,2026-02-28T00:43:53.686637
taj_mahal_015,taj_mahal_015_de45c6bc.jpg,Taj Mahal,File:20191204 Great Gate; Taj Mahal 0620 6532 DxO.jpg,https://commons.wikimedia.org/wiki/File:20191204_Great_Gate;_Taj_Mahal_0620_6532_DxO.jpg,https://upload.wikimedia.org/wikipedia/commons/thumb/a/af/20191204_Great_Gate%2C_Taj_Mahal_0620_6532_DxO.jpg/1280px-20191204_Great_Gate%2C_Taj_Mahal_0620_6532_DxO.jpg,5218,3470,2020-02-14T20:26:50Z,CC BY-SA 4.0,2026-02-28T00:43:53.686637
taj_mahal_016,taj_mahal_016_c6e99470.jpg,Taj Mahal,File:20191204 Great Gate; Taj Mahal 0620 6532 DxO.jpg,https://commons.wikimedia.org/wiki/File:20191204_Great_Gate;_Taj_Mahal_0620_6532_DxO.jpg,https://upload.wikimedia.org/wikipedia/commons/thumb/a/af/20191204_Great_Gate%2C_Taj_Mahal_0620_6532_DxO.jpg/1280px-20191204_Great_Gate%2C_Taj_Mahal_0620_6532_DxO.jpg,5218,3470,2020-02-14T20:26:50Z,CC BY-SA 4.0,2026-02-28T00:43:53.686637
taj_mahal_017,taj_mahal_017_d9eb8c23.jpg,Taj Mahal,File:20191204 Great Gate; Taj Mahal 0620 6532 DxO.jpg,https://commons.wikimedia.org/wiki/File:20191204_Great_Gate;_Taj_Mahal_0620_6532_DxO.jpg,https://upload.wikimedia.org/wikipedia/commons/thumb/a/af/20191204_Great_Gate%2C_Taj_Mahal_0620_6532_DxO.jpg/1280px-20191204_Great_Gate%2C_Taj_Mahal_0620_6532_DxO.jpg,5218,3470,2020-02-14T20:26:50Z,CC BY-SA 4.0,2026-02-28T00:43:53.686637
taj_mahal_018,taj_mahal_018_33d81fb8.jpg,Taj Mahal,File:20191204 Great Gate; Taj Mahal 0620 6532 DxO.jpg,https://commons.wikimedia.org/wiki/File:20191204_Great_Gate;_Taj_Mahal_0620_6532_DxO.jpg,https://upload.wikimedia.org/wikipedia/commons/thumb/a/af/20191204_Great_Gate%2C_Taj_Mahal_0620_6532_DxO.jpg/1280px-20191204_Great_Gate%2C_Taj_Mahal_0620_6532_DxO.jpg,5218,3470,2020-02-14T20:26:50Z,CC BY-SA 4.0,2026-02-28T00:43:53.686637
taj_mahal_019,taj_mahal_019_690d3a22.jpg,Taj Mahal,File:20191204 Great Gate; Taj Mahal 0620 6532 DxO.jpg,https://commons.wikimedia.org/wiki/File:20191204_Great_Gate;_Taj_Mahal_0620_6532_DxO.jpg,https://upload.wikimedia.org/wikipedia/commons/thumb/a/af/20191204_Great_Gate%2C_Taj_Mahal_0620_6532_DxO.jpg/1280px-20191204_Great_Gate%2C_Taj_Mahal_0620_6532_DxO.jpg,5218,3470,2020-02-14T20:26:50Z,CC BY-SA 4.0,2026-02-28T00:43:53.686637
taj_mahal_020,taj_mahal_020_62c929ee.jpg,Taj Mahal,File:20191204 Great Gate; Taj Mahal 0620 6532 DxO.jpg,https://commons.wikimedia.org/wiki/File:20191204_Great_Gate;_Taj_Mahal_0620_6532_DxO.jpg,https://upload.wikimedia.org/wikipedia/commons/thumb/a/af/20191204_Great_Gate%2C_Taj_Mahal_0620_6532_DxO.jpg/1280px-20191204_Great_Gate%2C_Taj_Mahal_0620_6532_DxO.jpg,5218,3470,2020-02-14T20:26:50Z,CC BY-SA 4.0,2026-02-28T00:43:53.686637
taj_mahal_021,taj_mahal_021_541706c1.jpg,Taj Mahal,File:20191204 Great Gate; Taj Mahal 0620 6532 DxO.jpg,https://commons.wikimedia.org/wiki/File:20191204_Great_Gate;_Taj_Mahal_0620_6532_DxO.jpg,https://upload.wikimedia.org/wikipedia/commons/thumb/a/af/20191204_Great_Gate%2C_Taj_Mahal_0620_6532_DxO.jpg/1280px-20191204_Great_Gate%2C_Taj_Mahal_0620_6532_DxO.jpg,5218,3470,2020-02-14T20:26:50Z,CC BY-SA 4.0,2026-02-28T00:43:53.686637
taj_mahal_022,taj_mahal_022_360aaa99.jpg,Taj Mahal,File:20191204 Great Gate; Taj Mahal 0620 6532 DxO.jpg,https://commons.wikimedia.org/wiki/File:20191204_Great_Gate;_Taj_Mahal_0620_6532_DxO.jpg,https://upload.wikimedia.org/wikipedia/commons/thumb/a/af/20191204_Great_Gate%2C_Taj_Mahal_0620_6532_DxO.jpg/1280px-20191204_Great_Gate%2C_Taj_Mahal_0620_6532_DxO.jpg,5218,3470,2020-02-14T20:26:50Z,CC BY-SA 4.0,2026-02-28T00:43:53.686637
taj_mahal_023,taj_mahal_023_e81a67af.jpg,Taj Mahal,File:20191204 Great Gate; Taj Mahal 0620 6532 DxO.jpg,https://commons.wikimedia.org/wiki/File:20191204_Great_Gate;_Taj_Mahal_0620_6532_DxO.jpg,https://upload.wikimedia.org/wikipedia/commons/thumb/a/af/20191204_Great_Gate%2C_Taj_Mahal_0620_6532_DxO.jpg/1280px-20191204_Great_Gate%2C_Taj_Mahal_0620_6532_DxO.jpg,5218,3470,2020-02-14T20:26:50Z,CC BY-SA 4.0,2026-02-28T00:43:53.686637
taj_mahal_024,taj_mahal_024_53c65b94.jpg,Taj Mahal,File:20191204 Great Gate; Taj Mahal 0620 6532 DxO.jpg,https://commons.wikimedia.org/wiki/File:20191204_Great_Gate;_Taj_Mahal_0620_6532_DxO.jpg,https://upload.wikimedia.org/wikipedia/commons/thumb/a/af/20191204_Great_Gate%2C_Taj_Mahal_0620_6532_DxO.jpg/1280px-20191204_Great_Gate%2C_Taj_Mahal_0620_6532_DxO.jpg,5218,3470,2020-02-14T20:26:50Z,CC BY-SA 4.0,2026-02-28T00:43:53.686637
taj_mahal_025,taj_mahal_025_09c4b719.jpg,Taj Mahal,File:20191204 Great Gate; Taj Mahal 0620 6532 DxO.jpg,https://commons.wikimedia.org/wiki/File:20191204_Great_Gate;_Taj_Mahal_0620_6532_DxO.jpg,https://upload.wikimedia.org/wikipedia/commons/thumb/a/af/20191204_Great_Gate%2C_Taj_Mahal_0620_6532_DxO.jpg/1280px-20191204_Great_Gate%2C_Taj_Mahal_0620_6532_DxO.jpg,5218,3470,2020-02-14T20:26:50Z,CC BY-SA 4.0,2026-02-28T00:43:53.686637
taj_mahal_026,taj_mahal_026_c5352842.jpg,Taj Mahal,File:20191204 Great Gate; Taj Mahal 0620 6532 DxO.jpg,https://commons.wikimedia.org/wiki/File:20191204_Great_Gate;_Taj_Mahal_0620_6532_DxO.jpg,https://upload.wikimedia.org/wikipedia/commons/thumb/a/af/20191204_Great_Gate%2C_Taj_Mahal_0620_6532_DxO.jpg/1280px-20191204_Great_Gate%2C_Taj_Mahal_0620_6532_DxO.jpg,5218,3470,2020-02-14T20:26:50Z,CC BY-SA 4.0,2026-02-28T00:43:53.686637
taj_mahal_027,taj_mahal_027_7354042f.jpg,Taj Mahal,File:20191204 Great Gate; Taj Mahal 0620 6532 DxO.jpg,https://commons.wikimedia.org/wiki/File:20191204_Great_Gate;_Taj_Mahal_0620_6532_DxO.jpg,https://upload.wikimedia.org/wikipedia/commons/thumb/a/af/20191204_Great_Gate%2C_Taj_Mahal_0620_6532_DxO.jpg/1280px-20191204_Great_Gate%2C_Taj_Mahal_0620_6532_DxO.jpg,5218,3470,2020-02-14T20:26:50Z,CC BY-SA 4.0,2026-02-28T00:43:53.686637
taj_mahal_028,taj_mahal_028_71628e69.jpg,Taj Mahal,File:20191204 Great Gate; Taj Mahal 0620 6532 DxO.jpg,https://commons.wikimedia.org/wiki/File:20191204_Great_Gate;_Taj_Mahal_0620_6532_DxO.jpg,https://upload.wikimedia.org/wikipedia/commons/thumb/a/af/20191204_Great_Gate%2C_Taj_Mahal_0620_6532_DxO.jpg/1280px-20191204_Great_Gate%2C_Taj_Mahal_0620_6532_DxO.jpg,5218,3470,2020-02-14T20:26:50Z,CC BY-SA 4.0,2026-02-28T00:43:53.686637
taj_mahal_029,taj_mahal_029_ac53202a.jpg,Taj Mahal,File:20191204 Great Gate; Taj Mahal 0620 6532 DxO.jpg,https://commons.wikimedia.org/wiki/File:20191204_Great_Gate;_Taj_Mahal_0620_6532_DxO.jpg,https://upload.wikimedia.org/wikipedia/commons/thumb/a/af/20191204_Great_Gate%2C_Taj_Mahal_0620_6532_DxO.jpg/1280px-20191204_Great_Gate%2C_Taj_Mahal_0620_6532_DxO.jpg,5218,3470,2020-02-14T20:26:50Z,CC BY-SA 4.0,2026-02-28T00:43:53.686637
taj_mahal_030,taj_mahal_030_8356dd81.jpg,Taj Mahal,File:20191204 Great Gate; Taj Mahal 0620 6532 DxO.jpg,https://commons.wikimedia.org/wiki/File:20191204_Great_Gate;_Taj_Mahal_0620_6532_DxO.jpg,https://upload.wikimedia.org/wikipedia/commons/thumb/a/af/20191204_Great_Gate%2C_Taj_Mahal_0620_6532_DxO.jpg/1280px-20191204_Great_Gate%2C_Taj_Mahal_0620_6532_DxO.jpg,5218,3470,2020-02-14T20:26:50Z,CC BY-SA 4.0,2026-02-28T00:43:53.686637
taj_mahal_031,taj_mahal_031_28f37b88.jpg,Taj Mahal,File:20191204 Great Gate; Taj Mahal 0620 6532 DxO.jpg,https://commons.wikimedia.org/wiki/File:20191204_Great_Gate;_Taj_Mahal_0620_6532_DxO.jpg,https://upload.wikimedia.org/wikipedia/commons/thumb/a/af/20191204_Great_Gate%2C_Taj_Mahal_0620_6532_DxO.jpg/1280px-20191204_Great_Gate%2C_Taj_Mahal_0620_6532_DxO.jpg,5218,3470,2020-02-14T20:26:50Z,CC BY-SA 4.0,2026-02-28T00:43:53.686637
taj_mahal_032,taj_mahal_032_a689ec6c.jpg,Taj Mahal,File:20191204 Great Gate; Taj Mahal 0620 6532 DxO.jpg,https://commons.wikimedia.org/wiki/File:20191204_Great_Gate;_Taj_Mahal_0620_6532_DxO.jpg,https://upload.wikimedia.org/wikipedia/commons/thumb/a/af/20191204_Great_Gate%2C_Taj_Mahal_0620_6532_DxO.jpg/1280px-20191204_Great_Gate%2C_Taj_Mahal_0620_6532_DxO.jpg,5218,3470,2020-02-14T20:26:50Z,CC BY-SA 4.0,2026-02-28T00:43:53.686637
taj_mahal_033,taj_mahal_033_2de23434.jpg,Taj Mahal,File:20191204 Great Gate; Taj Mahal 0620 6532 DxO.jpg,https://commons.wikimedia.org/wiki/File:20191204_Great_Gate;_Taj_Mahal_0620_6532_DxO.jpg,https://upload.wikimedia.org/wikipedia/commons/thumb/a/af/20191204_Great_Gate%2C_Taj_Mahal_0620_6532_DxO.jpg/1280px-20191204_Great_Gate%2C_Taj_Mahal_0620_6532_DxO.jpg,5218,3470,2020-02-14T20:26:50Z,CC BY-SA 4.0,2026-02-28T00:43:53.686637
taj_mahal_034,taj_mahal_034_0597d01d.jpg,Taj Mahal,File:20191204 Great Gate; Taj Mahal 0620 6532 DxO.jpg,https://commons.wikimedia.org/wiki/File:20191204_Great_Gate;_Taj_Mahal_0620_6532_DxO.jpg,https://upload.wikimedia.org/wikipedia/commons/thumb/a/af/20191204_Great_Gate%2C_Taj_Mahal_0620_6532_DxO.jpg/1280px-20191204_Great_Gate%2C_Taj_Mahal_0620_6532_DxO.jpg,5218,3470,2020-02-14T20:26:50Z,CC BY-SA 4.0,2026-02-28T00:43:53.686637
taj_mahal_035,taj_mahal_035_4d3cbda4.jpg,Taj Mahal,File:20191204 Great Gate; Taj Mahal 0620 6532 DxO.jpg,https://commons.wikimedia.org/wiki/File:20191204_Great_Gate;_Taj_Mahal_0620_6532_DxO.jpg,https://upload.wikimedia.org/wikipedia/commons/thumb/a/af/20191204_Great_Gate%2C_Taj_Mahal_0620_6532_DxO.jpg/1280px-20191204_Great_Gate%2C_Taj_Mahal_0620_6532_DxO.jpg,5218,3470,2020-02-14T20:26:50Z,CC BY-SA 4.0,2026-02-28T00:43:53.686637
qutub_minar_001,qutub_minar_001_c1ec62ad.jpg,Qutub Minar,File:A Potrait view of Qutub Minar.jpg,https://commons.wikimedia.org/wiki/File:A_Potrait_view_of_Qutub_Minar.jpg,https://upload.wikimedia.org/wikipedia/commons/thumb/f/fe/A_Potrait_view_of_Qutub_Minar.jpg/1280px-A_Potrait_view_of_Qutub_Minar.jpg,3264,2448,2017-04-21T18:45:18Z,CC BY-SA 4.0,2026-02-28T00:44:30.419406
qutub_minar_002,qutub_minar_002_4115d964.jpg,Qutub Minar,File:A Potrait view of Qutub Minar.jpg,https://commons.wikimedia.org/wiki/File:A_Potrait_view_of_Qutub_Minar.jpg,https://upload.wikimedia.org/wikipedia/commons/thumb/f/fe/A_Potrait_view_of_Qutub_Minar.jpg/1280px-A_Potrait_view_of_Qutub_Minar.jpg,3264,2448,2017-04-21T18:45:18Z,CC BY-SA 4.0,2026-02-28T00:44:30.419406
qutub_minar_003,qutub_minar_003_bf195382.jpg,Qutub Minar,File:A Potrait view of Qutub Minar.jpg,https://commons.wikimedia.org/wiki/File:A_Potrait_view_of_Qutub_Minar.jpg,https://upload.wikimedia.org/wikipedia/commons/thumb/f/fe/A_Potrait_view_of_Qutub_Minar.jpg/1280px-A_Potrait_view_of_Qutub_Minar.jpg,3264,2448,2017-04-21T18:45:18Z,CC BY-SA 4.0,2026-02-28T00:44:30.419406
qutub_minar_004,qutub_minar_004_fb43bf8d.jpg,Qutub Minar,File:A Potrait view of Qutub Minar.jpg,https://commons.wikimedia.org/wiki/File:A_Potrait_view_of_Qutub_Minar.jpg,https://upload.wikimedia.org/wikipedia/commons/thumb/f/fe/A_Potrait_view_of_Qutub_Minar.jpg/1280px-A_Potrait_view_of_Qutub_Minar.jpg,3264,2448,2017-04-21T18:45:18Z,CC BY-SA 4.0,2026-02-28T00:44:30.419406
qutub_minar_005,qutub_minar_005_988a6b8e.jpg,Qutub Minar,File:A Potrait view of Qutub Minar.jpg,https://commons.wikimedia.org/wiki/File:A_Potrait_view_of_Qutub_Minar.jpg,https://upload.wikimedia.org/wikipedia/commons/thumb/f/fe/A_Potrait_view_of_Qutub_Minar.jpg/1280px-A_Potrait_view_of_Qutub_Minar.jpg,3264,2448,2017-04-21T18:45:18Z,CC BY-SA 4.0,2026-02-28T00:44:30.419406
qutub_minar_006,qutub_minar_006_ce3d4fff.jpg,Qutub Minar,File:A Potrait view of Qutub Minar.jpg,https://commons.wikimedia.org/wiki/File:A_Potrait_view_of_Qutub_Minar.jpg,https://upload.wikimedia.org/wikipedia/commons/thumb/f/fe/A_Potrait_view_of_Qutub_Minar.jpg/1280px-A_Potrait_view_of_Qutub_Minar.jpg,3264,2448,2017-04-21T18:45:18Z,CC BY-SA 4.0,2026-02-28T00:44:30.419406
qutub_minar_007,qutub_minar_007_e533504f.jpg,Qutub Minar,File:A Potrait view of Qutub Minar.jpg,https://commons.wikimedia.org/wiki/File:A_Potrait_view_of_Qutub_Minar.jpg,https://upload.wikimedia.org/wikipedia/commons/thumb/f/fe/A_Potrait_view_of_Qutub_Minar.jpg/1280px-A_Potrait_view_of_Qutub_Minar.jpg,3264,2448,2017-04-21T18:45:18Z,CC BY-SA 4.0,2026-02-28T00:44:30.419406
qutub_minar_008,qutub_minar_008_36c0c237.jpg,Qutub Minar,File:A Potrait view of Qutub Minar.jpg,https://commons.wikimedia.org/wiki/File:A_Potrait_view_of_Qutub_Minar.jpg,https://upload.wikimedia.org/wikipedia/commons/thumb/f/fe/A_Potrait_view_of_Qutub_Minar.jpg/1280px-A_Potrait_view_of_Qutub_Minar.jpg,3264,2448,2017-04-21T18:45:18Z,CC BY-SA 4.0,2026-02-28T00:44:30.419406
qutub_minar_009,qutub_minar_009_df4ed945.jpg,Qutub Minar,File:A Potrait view of Qutub Minar.jpg,https://commons.wikimedia.org/wiki/File:A_Potrait_view_of_Qutub_Minar.jpg,https://upload.wikimedia.org/wikipedia/commons/thumb/f/fe/A_Potrait_view_of_Qutub_Minar.jpg/1280px-A_Potrait_view_of_Qutub_Minar.jpg,3264,2448,2017-04-21T18:45:18Z,CC BY-SA 4.0,2026-02-28T00:44:30.419406
qutub_minar_010,qutub_minar_010_791101a4.jpg,Qutub Minar,File:A Potrait view of Qutub Minar.jpg,https://commons.wikimedia.org/wiki/File:A_Potrait_view_of_Qutub_Minar.jpg,https://upload.wikimedia.org/wikipedia/commons/thumb/f/fe/A_Potrait_view_of_Qutub_Minar.jpg/1280px-A_Potrait_view_of_Qutub_Minar.jpg,3264,2448,2017-04-21T18:45:18Z,CC BY-SA 4.0,2026-02-28T00:44:30.419406
qutub_minar_011,qutub_minar_011_45992228.jpg,Qutub Minar,File:A Potrait view of Qutub Minar.jpg,https://commons.wikimedia.org/wiki/File:A_Potrait_view_of_Qutub_Minar.jpg,https://upload.wikimedia.org/wikipedia/commons/thumb/f/fe/A_Potrait_view_of_Qutub_Minar.jpg/1280px-A_Potrait_view_of_Qutub_Minar.jpg,3264,2448,2017-04-21T18:45:18Z,CC BY-SA 4.0,2026-02-28T00:44:30.419406
qutub_minar_012,qutub_minar_012_2741aeea.jpg,Qutub Minar,File:A Potrait view of Qutub Minar.jpg,https://commons.wikimedia.org/wiki/File:A_Potrait_view_of_Qutub_Minar.jpg,https://upload.wikimedia.org/wikipedia/commons/thumb/f/fe/A_Potrait_view_of_Qutub_Minar.jpg/1280px-A_Potrait_view_of_Qutub_Minar.jpg,3264,2448,2017-04-21T18:45:18Z,CC BY-SA 4.0,2026-02-28T00:44:30.419406
qutub_minar_013,qutub_minar_013_b5c1ccc4.jpg,Qutub Minar,File:A Potrait view of Qutub Minar.jpg,https://commons.wikimedia.org/wiki/File:A_Potrait_view_of_Qutub_Minar.jpg,https://upload.wikimedia.org/wikipedia/commons/thumb/f/fe/A_Potrait_view_of_Qutub_Minar.jpg/1280px-A_Potrait_view_of_Qutub_Minar.jpg,3264,2448,2017-04-21T18:45:18Z,CC BY-SA 4.0,2026-02-28T00:44:30.419406
qutub_minar_014,qutub_minar_014_63540c41.jpg,Qutub Minar,File:A Potrait view of Qutub Minar.jpg,https://commons.wikimedia.org/wiki/File:A_Potrait_view_of_Qutub_Minar.jpg,https://upload.wikimedia.org/wikipedia/commons/thumb/f/fe/A_Potrait_view_of_Qutub_Minar.jpg/1280px-A_Potrait_view_of_Qutub_Minar.jpg,3264,2448,2017-04-21T18:45:18Z,CC BY-SA 4.0,2026-02-28T00:44:30.419406
qutub_minar_015,qutub_minar_015_951c3288.jpg,Qutub Minar,File:A Potrait view of Qutub Minar.jpg,https://commons.wikimedia.org/wiki/File:A_Potrait_view_of_Qutub_Minar.jpg,https://upload.wikimedia.org/wikipedia/commons/thumb/f/fe/A_Potrait_view_of_Qutub_Minar.jpg/1280px-A_Potrait_view_of_Qutub_Minar.jpg,3264,2448,2017-04-21T18:45:18Z,CC BY-SA 4.0,2026-02-28T00:44:30.419406
qutub_minar_016,qutub_minar_016_4c624c10.jpg,Qutub Minar,File:A Potrait view of Qutub Minar.jpg,https://commons.wikimedia.org/wiki/File:A_Potrait_view_of_Qutub_Minar.jpg,https://upload.wikimedia.org/wikipedia/commons/thumb/f/fe/A_Potrait_view_of_Qutub_Minar.jpg/1280px-A_Potrait_view_of_Qutub_Minar.jpg,3264,2448,2017-04-21T18:45:18Z,CC BY-SA 4.0,2026-02-28T00:44:30.419406
qutub_minar_017,qutub_minar_017_47c4f838.jpg,Qutub Minar,File:A Potrait view of Qutub Minar.jpg,https://commons.wikimedia.org/wiki/File:A_Potrait_view_of_Qutub_Minar.jpg,https://upload.wikimedia.org/wikipedia/commons/thumb/f/fe/A_Potrait_view_of_Qutub_Minar.jpg/1280px-A_Potrait_view_of_Qutub_Minar.jpg,3264,2448,2017-04-21T18:45:18Z,CC BY-SA 4.0,2026-02-28T00:44:30.419406
qutub_minar_018,qutub_minar_018_65ef7ccc.jpg,Qutub Minar,File:A Potrait view of Qutub Minar.jpg,https://commons.wikimedia.org/wiki/File:A_Potrait_view_of_Qutub_Minar.jpg,https://upload.wikimedia.org/wikipedia/commons/thumb/f/fe/A_Potrait_view_of_Qutub_Minar.jpg/1280px-A_Potrait_view_of_Qutub_Minar.jpg,3264,2448,2017-04-21T18:45:18Z,CC BY-SA 4.0,2026-02-28T00:44:30.419406
qutub_minar_019,qutub_minar_019_1fc15cc8.jpg,Qutub Minar,File:A Potrait view of Qutub Minar.jpg,https://commons.wikimedia.org/wiki/File:A_Potrait_view_of_Qutub_Minar.jpg,https://upload.wikimedia.org/wikipedia/commons/thumb/f/fe/A_Potrait_view_of_Qutub_Minar.jpg/1280px-A_Potrait_view_of_Qutub_Minar.jpg,3264,2448,2017-04-21T18:45:18Z,CC BY-SA 4.0,2026-02-28T00:44:30.419406
qutub_minar_020,qutub_minar_020_945a750f.jpg,Qutub Minar,File:A Potrait view of Qutub Minar.jpg,https://commons.wikimedia.org/wiki/File:A_Potrait_view_of_Qutub_Minar.jpg,https://upload.wikimedia.org/wikipedia/commons/thumb/f/fe/A_Potrait_view_of_Qutub_Minar.jpg/1280px-A_Potrait_view_of_Qutub_Minar.jpg,3264,2448,2017-04-21T18:45:18Z,CC BY-SA 4.0,2026-02-28T00:44:30.419406
qutub_minar_021,qutub_minar_021_e098b852.jpg,Qutub Minar,File:A Potrait view of Qutub Minar.jpg,https://commons.wikimedia.org/wiki/File:A_Potrait_view_of_Qutub_Minar.jpg,https://upload.wikimedia.org/wikipedia/commons/thumb/f/fe/A_Potrait_view_of_Qutub_Minar.jpg/1280px-A_Potrait_view_of_Qutub_Minar.jpg,3264,2448,2017-04-21T18:45:18Z,CC BY-SA 4.0,2026-02-28T00:44:30.419406
qutub_minar_022,qutub_minar_022_826629a6.jpg,Qutub Minar,File:A Potrait view of Qutub Minar.jpg,https://commons.wikimedia.org/wiki/File:A_Potrait_view_of_Qutub_Minar.jpg,https://upload.wikimedia.org/wikipedia/commons/thumb/f/fe/A_Potrait_view_of_Qutub_Minar.jpg/1280px-A_Potrait_view_of_Qutub_Minar.jpg,3264,2448,2017-04-21T18:45:18Z,CC BY-SA 4.0,2026-02-28T00:44:30.419406
red_fort_delhi_001,red_fort_delhi_001_4d1d7e9a.jpg,Red Fort Delhi,File:20191203 Bhadon Pavilion; Red Fort; Delhi 0519 6390 DxO.jpg,https://commons.wikimedia.org/wiki/File:20191203_Bhadon_Pavilion;_Red_Fort;_Delhi_0519_6390_DxO.jpg,https://upload.wikimedia.org/wikipedia/commons/thumb/a/a4/20191203_Bhadon_Pavilion%2C_Red_Fort%2C_Delhi_0519_6390_DxO.jpg/1280px-20191203_Bhadon_Pavilion%2C_Red_Fort%2C_Delhi_0519_6390_DxO.jpg,3680,2447,2020-02-05T16:44:09Z,CC BY-SA 4.0,2026-02-28T00:45:18.072261
red_fort_delhi_002,red_fort_delhi_002_bd14c630.jpg,Red Fort Delhi,File:20191203 Bhadon Pavilion; Red Fort; Delhi 0519 6390 DxO.jpg,https://commons.wikimedia.org/wiki/File:20191203_Bhadon_Pavilion;_Red_Fort;_Delhi_0519_6390_DxO.jpg,https://upload.wikimedia.org/wikipedia/commons/thumb/a/a4/20191203_Bhadon_Pavilion%2C_Red_Fort%2C_Delhi_0519_6390_DxO.jpg/1280px-20191203_Bhadon_Pavilion%2C_Red_Fort%2C_Delhi_0519_6390_DxO.jpg,3680,2447,2020-02-05T16:44:09Z,CC BY-SA 4.0,2026-02-28T00:45:18.072261
red_fort_delhi_003,red_fort_delhi_003_6505823e.jpg,Red Fort Delhi,File:20191203 Bhadon Pavilion; Red Fort; Delhi 0519 6390 DxO.jpg,https://commons.wikimedia.org/wiki/File:20191203_Bhadon_Pavilion;_Red_Fort;_Delhi_0519_6390_DxO.jpg,https://upload.wikimedia.org/wikipedia/commons/thumb/a/a4/20191203_Bhadon_Pavilion%2C_Red_Fort%2C_Delhi_0519_6390_DxO.jpg/1280px-20191203_Bhadon_Pavilion%2C_Red_Fort%2C_Delhi_0519_6390_DxO.jpg,3680,2447,2020-02-05T16:44:09Z,CC BY-SA 4.0,2026-02-28T00:45:18.072261
red_fort_delhi_004,red_fort_delhi_004_38355817.jpg,Red Fort Delhi,File:20191203 Bhadon Pavilion; Red Fort; Delhi 0519 6390 DxO.jpg,https://commons.wikimedia.org/wiki/File:20191203_Bhadon_Pavilion;_Red_Fort;_Delhi_0519_6390_DxO.jpg,https://upload.wikimedia.org/wikipedia/commons/thumb/a/a4/20191203_Bhadon_Pavilion%2C_Red_Fort%2C_Delhi_0519_6390_DxO.jpg/1280px-20191203_Bhadon_Pavilion%2C_Red_Fort%2C_Delhi_0519_6390_DxO.jpg,3680,2447,2020-02-05T16:44:09Z,CC BY-SA 4.0,2026-02-28T00:45:18.072261
red_fort_delhi_005,red_fort_delhi_005_152c582f.jpg,Red Fort Delhi,File:20191203 Bhadon Pavilion; Red Fort; Delhi 0519 6390 DxO.jpg,https://commons.wikimedia.org/wiki/File:20191203_Bhadon_Pavilion;_Red_Fort;_Delhi_0519_6390_DxO.jpg,https://upload.wikimedia.org/wikipedia/commons/thumb/a/a4/20191203_Bhadon_Pavilion%2C_Red_Fort%2C_Delhi_0519_6390_DxO.jpg/1280px-20191203_Bhadon_Pavilion%2C_Red_Fort%2C_Delhi_0519_6390_DxO.jpg,3680,2447,2020-02-05T16:44:09Z,CC BY-SA 4.0,2026-02-28T00:45:18.072261
red_fort_delhi_006,red_fort_delhi_006_78fd769a.jpg,Red Fort Delhi,File:20191203 Bhadon Pavilion; Red Fort; Delhi 0519 6390 DxO.jpg,https://commons.wikimedia.org/wiki/File:20191203_Bhadon_Pavilion;_Red_Fort;_Delhi_0519_6390_DxO.jpg,https://upload.wikimedia.org/wikipedia/commons/thumb/a/a4/20191203_Bhadon_Pavilion%2C_Red_Fort%2C_Delhi_0519_6390_DxO.jpg/1280px-20191203_Bhadon_Pavilion%2C_Red_Fort%2C_Delhi_0519_6390_DxO.jpg,3680,2447,2020-02-05T16:44:09Z,CC BY-SA 4.0,2026-02-28T00:45:18.072261
red_fort_delhi_007,red_fort_delhi_007_b79d6a89.jpg,Red Fort Delhi,File:20191203 Bhadon Pavilion; Red Fort; Delhi 0519 6390 DxO.jpg,https://commons.wikimedia.org/wiki/File:20191203_Bhadon_Pavilion;_Red_Fort;_Delhi_0519_6390_DxO.jpg,https://upload.wikimedia.org/wikipedia/commons/thumb/a/a4/20191203_Bhadon_Pavilion%2C_Red_Fort%2C_Delhi_0519_6390_DxO.jpg/1280px-20191203_Bhadon_Pavilion%2C_Red_Fort%2C_Delhi_0519_6390_DxO.jpg,3680,2447,2020-02-05T16:44:09Z,CC BY-SA 4.0,2026-02-28T00:45:18.072261
red_fort_delhi_008,red_fort_delhi_008_abe8fe95.jpg,Red Fort Delhi,File:20191203 Bhadon Pavilion; Red Fort; Delhi 0519 6390 DxO.jpg,https://commons.wikimedia.org/wiki/File:20191203_Bhadon_Pavilion;_Red_Fort;_Delhi_0519_6390_DxO.jpg,https://upload.wikimedia.org/wikipedia/commons/thumb/a/a4/20191203_Bhadon_Pavilion%2C_Red_Fort%2C_Delhi_0519_6390_DxO.jpg/1280px-20191203_Bhadon_Pavilion%2C_Red_Fort%2C_Delhi_0519_6390_DxO.jpg,3680,2447,2020-02-05T16:44:09Z,CC BY-SA 4.0,2026-02-28T00:45:18.072261
red_fort_delhi_009,red_fort_delhi_009_b82a7961.jpg,Red Fort Delhi,File:20191203 Bhadon Pavilion; Red Fort; Delhi 0519 6390 DxO.jpg,https://commons.wikimedia.org/wiki/File:20191203_Bhadon_Pavilion;_Red_Fort;_Delhi_0519_6390_DxO.jpg,https://upload.wikimedia.org/wikipedia/commons/thumb/a/a4/20191203_Bhadon_Pavilion%2C_Red_Fort%2C_Delhi_0519_6390_DxO.jpg/1280px-20191203_Bhadon_Pavilion%2C_Red_Fort%2C_Delhi_0519_6390_DxO.jpg,3680,2447,2020-02-05T16:44:09Z,CC BY-SA 4.0,2026-02-28T00:45:18.072261
red_fort_delhi_010,red_fort_delhi_010_a37f2acb.jpg,Red Fort Delhi,File:20191203 Bhadon Pavilion; Red Fort; Delhi 0519 6390 DxO.jpg,https://commons.wikimedia.org/wiki/File:20191203_Bhadon_Pavilion;_Red_Fort;_Delhi_0519_6390_DxO.jpg,https://upload.wikimedia.org/wikipedia/commons/thumb/a/a4/20191203_Bhadon_Pavilion%2C_Red_Fort%2C_Delhi_0519_6390_DxO.jpg/1280px-20191203_Bhadon_Pavilion%2C_Red_Fort%2C_Delhi_0519_6390_DxO.jpg,3680,2447,2020-02-05T16:44:09Z,CC BY-SA 4.0,2026-02-28T00:45:18.072261
red_fort_delhi_011,red_fort_delhi_011_0751d9fe.jpg,Red Fort Delhi,File:20191203 Bhadon Pavilion; Red Fort; Delhi 0519 6390 DxO.jpg,https://commons.wikimedia.org/wiki/File:20191203_Bhadon_Pavilion;_Red_Fort;_Delhi_0519_6390_DxO.jpg,https://upload.wikimedia.org/wikipedia/commons/thumb/a/a4/20191203_Bhadon_Pavilion%2C_Red_Fort%2C_Delhi_0519_6390_DxO.jpg/1280px-20191203_Bhadon_Pavilion%2C_Red_Fort%2C_Delhi_0519_6390_DxO.jpg,3680,2447,2020-02-05T16:44:09Z,CC BY-SA 4.0,2026-02-28T00:45:18.072261
red_fort_delhi_012,red_fort_delhi_012_d5cd484d.jpg,Red Fort Delhi,File:20191203 Bhadon Pavilion; Red Fort; Delhi 0519 6390 DxO.jpg,https://commons.wikimedia.org/wiki/File:20191203_Bhadon_Pavilion;_Red_Fort;_Delhi_0519_6390_DxO.jpg,https://upload.wikimedia.org/wikipedia/commons/thumb/a/a4/20191203_Bhadon_Pavilion%2C_Red_Fort%2C_Delhi_0519_6390_DxO.jpg/1280px-20191203_Bhadon_Pavilion%2C_Red_Fort%2C_Delhi_0519_6390_DxO.jpg,3680,2447,2020-02-05T16:44:09Z,CC BY-SA 4.0,2026-02-28T00:45:18.072261
red_fort_delhi_013,red_fort_delhi_013_46cde425.jpg,Red Fort Delhi,File:20191203 Bhadon Pavilion; Red Fort; Delhi 0519 6390 DxO.jpg,https://commons.wikimedia.org/wiki/File:20191203_Bhadon_Pavilion;_Red_Fort;_Delhi_0519_6390_DxO.jpg,https://upload.wikimedia.org/wikipedia/commons/thumb/a/a4/20191203_Bhadon_Pavilion%2C_Red_Fort%2C_Delhi_0519_6390_DxO.jpg/1280px-20191203_Bhadon_Pavilion%2C_Red_Fort%2C_Delhi_0519_6390_DxO.jpg,3680,2447,2020-02-05T16:44:09Z,CC BY-SA 4.0,2026-02-28T00:45:18.072261
red_fort_delhi_014,red_fort_delhi_014_09e7f2b8.jpg,Red Fort Delhi,File:20191203 Bhadon Pavilion; Red Fort; Delhi 0519 6390 DxO.jpg,https://commons.wikimedia.org/wiki/File:20191203_Bhadon_Pavilion;_Red_Fort;_Delhi_0519_6390_DxO.jpg,https://upload.wikimedia.org/wikipedia/commons/thumb/a/a4/20191203_Bhadon_Pavilion%2C_Red_Fort%2C_Delhi_0519_6390_DxO.jpg/1280px-20191203_Bhadon_Pavilion%2C_Red_Fort%2C_Delhi_0519_6390_DxO.jpg,3680,2447,2020-02-05T16:44:09Z,CC BY-SA 4.0,2026-02-28T00:45:18.072261
red_fort_delhi_015,red_fort_delhi_015_c107e01f.jpg,Red Fort Delhi,File:20191203 Bhadon Pavilion; Red Fort; Delhi 0519 6390 DxO.jpg,https://commons.wikimedia.org/wiki/File:20191203_Bhadon_Pavilion;_Red_Fort;_Delhi_0519_6390_DxO.jpg,https://upload.wikimedia.org/wikipedia/commons/thumb/a/a4/20191203_Bhadon_Pavilion%2C_Red_Fort%2C_Delhi_0519_6390_DxO.jpg/1280px-20191203_Bhadon_Pavilion%2C_Red_Fort%2C_Delhi_0519_6390_DxO.jpg,3680,2447,2020-02-05T16:44:09Z,CC BY-SA 4.0,2026-02-28T00:45:18.072261
hampi_monuments_001,hampi_monuments_001_8c7ee177.jpg,Hampi Monuments,File:Elephant Stable at Hampi Group of Monuments.jpg,https://commons.wikimedia.org/wiki/File:Elephant_Stable_at_Hampi_Group_of_Monuments.jpg,https://upload.wikimedia.org/wikipedia/commons/thumb/c/c8/Elephant_Stable_at_Hampi_Group_of_Monuments.jpg/1280px-Elephant_Stable_at_Hampi_Group_of_Monuments.jpg,2592,1944,2016-09-28T10:49:05Z,CC BY-SA 4.0,2026-02-28T00:46:00.264488
hampi_monuments_002,hampi_monuments_002_955e5d7a.jpg,Hampi Monuments,File:Elephant Stable at Hampi Group of Monuments.jpg,https://commons.wikimedia.org/wiki/File:Elephant_Stable_at_Hampi_Group_of_Monuments.jpg,https://upload.wikimedia.org/wikipedia/commons/thumb/c/c8/Elephant_Stable_at_Hampi_Group_of_Monuments.jpg/1280px-Elephant_Stable_at_Hampi_Group_of_Monuments.jpg,2592,1944,2016-09-28T10:49:05Z,CC BY-SA 4.0,2026-02-28T00:46:00.264488
hampi_monuments_003,hampi_monuments_003_29367b56.jpg,Hampi Monuments,File:Elephant Stable at Hampi Group of Monuments.jpg,https://commons.wikimedia.org/wiki/File:Elephant_Stable_at_Hampi_Group_of_Monuments.jpg,https://upload.wikimedia.org/wikipedia/commons/thumb/c/c8/Elephant_Stable_at_Hampi_Group_of_Monuments.jpg/1280px-Elephant_Stable_at_Hampi_Group_of_Monuments.jpg,2592,1944,2016-09-28T10:49:05Z,CC BY-SA 4.0,2026-02-28T00:46:00.264488
hampi_monuments_004,hampi_monuments_004_def84760.jpg,Hampi Monuments,File:Elephant Stable at Hampi Group of Monuments.jpg,https://commons.wikimedia.org/wiki/File:Elephant_Stable_at_Hampi_Group_of_Monuments.jpg,https://upload.wikimedia.org/wikipedia/commons/thumb/c/c8/Elephant_Stable_at_Hampi_Group_of_Monuments.jpg/1280px-Elephant_Stable_at_Hampi_Group_of_Monuments.jpg,2592,1944,2016-09-28T10:49:05Z,CC BY-SA 4.0,2026-02-28T00:46:00.264488
hampi_monuments_005,hampi_monuments_005_8fcbb14b.jpg,Hampi Monuments,File:Elephant Stable at Hampi Group of Monuments.jpg,https://commons.wikimedia.org/wiki/File:Elephant_Stable_at_Hampi_Group_of_Monuments.jpg,https://upload.wikimedia.org/wikipedia/commons/thumb/c/c8/Elephant_Stable_at_Hampi_Group_of_Monuments.jpg/1280px-Elephant_Stable_at_Hampi_Group_of_Monuments.jpg,2592,1944,2016-09-28T10:49:05Z,CC BY-SA 4.0,2026-02-28T00:46:00.264488
hampi_monuments_006,hampi_monuments_006_639c9176.jpg,Hampi Monuments,File:Elephant Stable at Hampi Group of Monuments.jpg,https://commons.wikimedia.org/wiki/File:Elephant_Stable_at_Hampi_Group_of_Monuments.jpg,https://upload.wikimedia.org/wikipedia/commons/thumb/c/c8/Elephant_Stable_at_Hampi_Group_of_Monuments.jpg/1280px-Elephant_Stable_at_Hampi_Group_of_Monuments.jpg,2592,1944,2016-09-28T10:49:05Z,CC BY-SA 4.0,2026-02-28T00:46:00.264488
hampi_monuments_007,hampi_monuments_007_ba094b15.jpg,Hampi Monuments,File:Elephant Stable at Hampi Group of Monuments.jpg,https://commons.wikimedia.org/wiki/File:Elephant_Stable_at_Hampi_Group_of_Monuments.jpg,https://upload.wikimedia.org/wikipedia/commons/thumb/c/c8/Elephant_Stable_at_Hampi_Group_of_Monuments.jpg/1280px-Elephant_Stable_at_Hampi_Group_of_Monuments.jpg,2592,1944,2016-09-28T10:49:05Z,CC BY-SA 4.0,2026-02-28T00:46:00.264488
hampi_monuments_008,hampi_monuments_008_e1c4ef36.jpg,Hampi Monuments,File:Elephant Stable at Hampi Group of Monuments.jpg,https://commons.wikimedia.org/wiki/File:Elephant_Stable_at_Hampi_Group_of_Monuments.jpg,https://upload.wikimedia.org/wikipedia/commons/thumb/c/c8/Elephant_Stable_at_Hampi_Group_of_Monuments.jpg/1280px-Elephant_Stable_at_Hampi_Group_of_Monuments.jpg,2592,1944,2016-09-28T10:49:05Z,CC BY-SA 4.0,2026-02-28T00:46:00.264488
hampi_monuments_009,hampi_monuments_009_672c5b85.jpg,Hampi Monuments,File:Elephant Stable at Hampi Group of Monuments.jpg,https://commons.wikimedia.org/wiki/File:Elephant_Stable_at_Hampi_Group_of_Monuments.jpg,https://upload.wikimedia.org/wikipedia/commons/thumb/c/c8/Elephant_Stable_at_Hampi_Group_of_Monuments.jpg/1280px-Elephant_Stable_at_Hampi_Group_of_Monuments.jpg,2592,1944,2016-09-28T10:49:05Z,CC BY-SA 4.0,2026-02-28T00:46:00.264488
hampi_monuments_010,hampi_monuments_010_a688d46f.jpg,Hampi Monuments,File:Elephant Stable at Hampi Group of Monuments.jpg,https://commons.wikimedia.org/wiki/File:Elephant_Stable_at_Hampi_Group_of_Monuments.jpg,https://upload.wikimedia.org/wikipedia/commons/thumb/c/c8/Elephant_Stable_at_Hampi_Group_of_Monuments.jpg/1280px-Elephant_Stable_at_Hampi_Group_of_Monuments.jpg,2592,1944,2016-09-28T10:49:05Z,CC BY-SA 4.0,2026-02-28T00:46:00.264488
hampi_monuments_011,hampi_monuments_011_c6aaac0a.jpg,Hampi Monuments,File:Elephant Stable at Hampi Group of Monuments.jpg,https://commons.wikimedia.org/wiki/File:Elephant_Stable_at_Hampi_Group_of_Monuments.jpg,https://upload.wikimedia.org/wikipedia/commons/thumb/c/c8/Elephant_Stable_at_Hampi_Group_of_Monuments.jpg/1280px-Elephant_Stable_at_Hampi_Group_of_Monuments.jpg,2592,1944,2016-09-28T10:49:05Z,CC BY-SA 4.0,2026-02-28T00:46:00.264488
hampi_monuments_012,hampi_monuments_012_bd59af74.jpg,Hampi Monuments,File:Elephant Stable at Hampi Group of Monuments.jpg,https://commons.wikimedia.org/wiki/File:Elephant_Stable_at_Hampi_Group_of_Monuments.jpg,https://upload.wikimedia.org/wikipedia/commons/thumb/c/c8/Elephant_Stable_at_Hampi_Group_of_Monuments.jpg/1280px-Elephant_Stable_at_Hampi_Group_of_Monuments.jpg,2592,1944,2016-09-28T10:49:05Z,CC BY-SA 4.0,2026-02-28T00:46:00.264488
hampi_monuments_013,hampi_monuments_013_8aa45a78.jpg,Hampi Monuments,File:Elephant Stable at Hampi Group of Monuments.jpg,https://commons.wikimedia.org/wiki/File:Elephant_Stable_at_Hampi_Group_of_Monuments.jpg,https://upload.wikimedia.org/wikipedia/commons/thumb/c/c8/Elephant_Stable_at_Hampi_Group_of_Monuments.jpg/1280px-Elephant_Stable_at_Hampi_Group_of_Monuments.jpg,2592,1944,2016-09-28T10:49:05Z,CC BY-SA 4.0,2026-02-28T00:46:00.264488
hampi_monuments_014,hampi_monuments_014_9ebbfa80.jpg,Hampi Monuments,File:Elephant Stable at Hampi Group of Monuments.jpg,https://commons.wikimedia.org/wiki/File:Elephant_Stable_at_Hampi_Group_of_Monuments.jpg,https://upload.wikimedia.org/wikipedia/commons/thumb/c/c8/Elephant_Stable_at_Hampi_Group_of_Monuments.jpg/1280px-Elephant_Stable_at_Hampi_Group_of_Monuments.jpg,2592,1944,2016-09-28T10:49:05Z,CC BY-SA 4.0,2026-02-28T00:46:00.264488
hampi_monuments_015,hampi_monuments_015_b33497e7.jpg,Hampi Monuments,File:Elephant Stable at Hampi Group of Monuments.jpg,https://commons.wikimedia.org/wiki/File:Elephant_Stable_at_Hampi_Group_of_Monuments.jpg,https://upload.wikimedia.org/wikipedia/commons/thumb/c/c8/Elephant_Stable_at_Hampi_Group_of_Monuments.jpg/1280px-Elephant_Stable_at_Hampi_Group_of_Monuments.jpg,2592,1944,2016-09-28T10:49:05Z,CC BY-SA 4.0,2026-02-28T00:46:00.264488
hampi_monuments_016,hampi_monuments_016_c7f8ecea.jpg,Hampi Monuments,File:Elephant Stable at Hampi Group of Monuments.jpg,https://commons.wikimedia.org/wiki/File:Elephant_Stable_at_Hampi_Group_of_Monuments.jpg,https://upload.wikimedia.org/wikipedia/commons/thumb/c/c8/Elephant_Stable_at_Hampi_Group_of_Monuments.jpg/1280px-Elephant_Stable_at_Hampi_Group_of_Monuments.jpg,2592,1944,2016-09-28T10:49:05Z,CC BY-SA 4.0,2026-02-28T00:46:00.264488
hampi_monuments_017,hampi_monuments_017_92bea5ae.jpg,Hampi Monuments,File:Elephant Stable at Hampi Group of Monuments.jpg,https://commons.wikimedia.org/wiki/File:Elephant_Stable_at_Hampi_Group_of_Monuments.jpg,https://upload.wikimedia.org/wikipedia/commons/thumb/c/c8/Elephant_Stable_at_Hampi_Group_of_Monuments.jpg/1280px-Elephant_Stable_at_Hampi_Group_of_Monuments.jpg,2592,1944,2016-09-28T10:49:05Z,CC BY-SA 4.0,2026-02-28T00:46:00.264488
hampi_monuments_018,hampi_monuments_018_143f9469.jpg,Hampi Monuments,File:Elephant Stable at Hampi Group of Monuments.jpg,https://commons.wikimedia.org/wiki/File:Elephant_Stable_at_Hampi_Group_of_Monuments.jpg,https://upload.wikimedia.org/wikipedia/commons/thumb/c/c8/Elephant_Stable_at_Hampi_Group_of_Monuments.jpg/1280px-Elephant_Stable_at_Hampi_Group_of_Monuments.jpg,2592,1944,2016-09-28T10:49:05Z,CC BY-SA 4.0,2026-02-28T00:46:00.264488
hampi_monuments_019,hampi_monuments_019_0a89a527.jpg,Hampi Monuments,File:Elephant Stable at Hampi Group of Monuments.jpg,https://commons.wikimedia.org/wiki/File:Elephant_Stable_at_Hampi_Group_of_Monuments.jpg,https://upload.wikimedia.org/wikipedia/commons/thumb/c/c8/Elephant_Stable_at_Hampi_Group_of_Monuments.jpg/1280px-Elephant_Stable_at_Hampi_Group_of_Monuments.jpg,2592,1944,2016-09-28T10:49:05Z,CC BY-SA 4.0,2026-02-28T00:46:00.264488
hampi_monuments_020,hampi_monuments_020_44ff4ef1.jpg,Hampi Monuments,File:Elephant Stable at Hampi Group of Monuments.jpg,https://commons.wikimedia.org/wiki/File:Elephant_Stable_at_Hampi_Group_of_Monuments.jpg,https://upload.wikimedia.org/wikipedia/commons/thumb/c/c8/Elephant_Stable_at_Hampi_Group_of_Monuments.jpg/1280px-Elephant_Stable_at_Hampi_Group_of_Monuments.jpg,2592,1944,2016-09-28T10:49:05Z,CC BY-SA 4.0,2026-02-28T00:46:00.264488
ajanta_caves_001,ajanta_caves_001_b5db1804.jpg,Ajanta Caves,File:10 Ajanta Caves overview.jpg,https://commons.wikimedia.org/wiki/File:10_Ajanta_Caves_overview.jpg,https://upload.wikimedia.org/wikipedia/commons/thumb/c/cd/10_Ajanta_Caves_overview.jpg/1280px-10_Ajanta_Caves_overview.jpg,3264,2448,2016-09-18T12:05:12Z,CC BY-SA 4.0,2026-02-28T00:46:43.112832
ajanta_caves_002,ajanta_caves_002_d6db5589.jpg,Ajanta Caves,File:10 Ajanta Caves overview.jpg,https://commons.wikimedia.org/wiki/File:10_Ajanta_Caves_overview.jpg,https://upload.wikimedia.org/wikipedia/commons/thumb/c/cd/10_Ajanta_Caves_overview.jpg/1280px-10_Ajanta_Caves_overview.jpg,3264,2448,2016-09-18T12:05:12Z,CC BY-SA 4.0,2026-02-28T00:46:43.112832
ajanta_caves_003,ajanta_caves_003_72af77e7.jpg,Ajanta Caves,File:10 Ajanta Caves overview.jpg,https://commons.wikimedia.org/wiki/File:10_Ajanta_Caves_overview.jpg,https://upload.wikimedia.org/wikipedia/commons/thumb/c/cd/10_Ajanta_Caves_overview.jpg/1280px-10_Ajanta_Caves_overview.jpg,3264,2448,2016-09-18T12:05:12Z,CC BY-SA 4.0,2026-02-28T00:46:43.112832
ajanta_caves_004,ajanta_caves_004_ad9fd956.jpg,Ajanta Caves,File:10 Ajanta Caves overview.jpg,https://commons.wikimedia.org/wiki/File:10_Ajanta_Caves_overview.jpg,https://upload.wikimedia.org/wikipedia/commons/thumb/c/cd/10_Ajanta_Caves_overview.jpg/1280px-10_Ajanta_Caves_overview.jpg,3264,2448,2016-09-18T12:05:12Z,CC BY-SA 4.0,2026-02-28T00:46:43.112832
ajanta_caves_005,ajanta_caves_005_e09d966c.jpg,Ajanta Caves,File:10 Ajanta Caves overview.jpg,https://commons.wikimedia.org/wiki/File:10_Ajanta_Caves_overview.jpg,https://upload.wikimedia.org/wikipedia/commons/thumb/c/cd/10_Ajanta_Caves_overview.jpg/1280px-10_Ajanta_Caves_overview.jpg,3264,2448,2016-09-18T12:05:12Z,CC BY-SA 4.0,2026-02-28T00:46:43.112832
ajanta_caves_006,ajanta_caves_006_c34b5cc0.jpg,Ajanta Caves,File:10 Ajanta Caves overview.jpg,https://commons.wikimedia.org/wiki/File:10_Ajanta_Caves_overview.jpg,https://upload.wikimedia.org/wikipedia/commons/thumb/c/cd/10_Ajanta_Caves_overview.jpg/1280px-10_Ajanta_Caves_overview.jpg,3264,2448,2016-09-18T12:05:12Z,CC BY-SA 4.0,2026-02-28T00:46:43.112832
ajanta_caves_007,ajanta_caves_007_cb15bba3.jpg,Ajanta Caves,File:10 Ajanta Caves overview.jpg,https://commons.wikimedia.org/wiki/File:10_Ajanta_Caves_overview.jpg,https://upload.wikimedia.org/wikipedia/commons/thumb/c/cd/10_Ajanta_Caves_overview.jpg/1280px-10_Ajanta_Caves_overview.jpg,3264,2448,2016-09-18T12:05:12Z,CC BY-SA 4.0,2026-02-28T00:46:43.112832
ajanta_caves_008,ajanta_caves_008_c74a2d54.jpg,Ajanta Caves,File:10 Ajanta Caves overview.jpg,https://commons.wikimedia.org/wiki/File:10_Ajanta_Caves_overview.jpg,https://upload.wikimedia.org/wikipedia/commons/thumb/c/cd/10_Ajanta_Caves_overview.jpg/1280px-10_Ajanta_Caves_overview.jpg,3264,2448,2016-09-18T12:05:12Z,CC BY-SA 4.0,2026-02-28T00:46:43.112832
ajanta_caves_009,ajanta_caves_009_1e5143d3.jpg,Ajanta Caves,File:10 Ajanta Caves overview.jpg,https://commons.wikimedia.org/wiki/File:10_Ajanta_Caves_overview.jpg,https://upload.wikimedia.org/wikipedia/commons/thumb/c/cd/10_Ajanta_Caves_overview.jpg/1280px-10_Ajanta_Caves_overview.jpg,3264,2448,2016-09-18T12:05:12Z,CC BY-SA 4.0,2026-02-28T00:46:43.112832
ajanta_caves_010,ajanta_caves_010_ec6feb2e.jpg,Ajanta Caves,File:10 Ajanta Caves overview.jpg,https://commons.wikimedia.org/wiki/File:10_Ajanta_Caves_overview.jpg,https://upload.wikimedia.org/wikipedia/commons/thumb/c/cd/10_Ajanta_Caves_overview.jpg/1280px-10_Ajanta_Caves_overview.jpg,3264,2448,2016-09-18T12:05:12Z,CC BY-SA 4.0,2026-02-28T00:46:43.112832
ajanta_caves_011,ajanta_caves_011_24db9447.jpg,Ajanta Caves,File:10 Ajanta Caves overview.jpg,https://commons.wikimedia.org/wiki/File:10_Ajanta_Caves_overview.jpg,https://upload.wikimedia.org/wikipedia/commons/thumb/c/cd/10_Ajanta_Caves_overview.jpg/1280px-10_Ajanta_Caves_overview.jpg,3264,2448,2016-09-18T12:05:12Z,CC BY-SA 4.0,2026-02-28T00:46:43.112832
ajanta_caves_012,ajanta_caves_012_d695e627.jpg,Ajanta Caves,File:10 Ajanta Caves overview.jpg,https://commons.wikimedia.org/wiki/File:10_Ajanta_Caves_overview.jpg,https://upload.wikimedia.org/wikipedia/commons/thumb/c/cd/10_Ajanta_Caves_overview.jpg/1280px-10_Ajanta_Caves_overview.jpg,3264,2448,2016-09-18T12:05:12Z,CC BY-SA 4.0,2026-02-28T00:46:43.112832
ajanta_caves_013,ajanta_caves_013_73f309bf.jpg,Ajanta Caves,File:10 Ajanta Caves overview.jpg,https://commons.wikimedia.org/wiki/File:10_Ajanta_Caves_overview.jpg,https://upload.wikimedia.org/wikipedia/commons/thumb/c/cd/10_Ajanta_Caves_overview.jpg/1280px-10_Ajanta_Caves_overview.jpg,3264,2448,2016-09-18T12:05:12Z,CC BY-SA 4.0,2026-02-28T00:46:43.112832
ajanta_caves_014,ajanta_caves_014_713fe2dc.jpg,Ajanta Caves,File:10 Ajanta Caves overview.jpg,https://commons.wikimedia.org/wiki/File:10_Ajanta_Caves_overview.jpg,https://upload.wikimedia.org/wikipedia/commons/thumb/c/cd/10_Ajanta_Caves_overview.jpg/1280px-10_Ajanta_Caves_overview.jpg,3264,2448,2016-09-18T12:05:12Z,CC BY-SA 4.0,2026-02-28T00:46:43.112832
ajanta_caves_015,ajanta_caves_015_8b0da700.jpg,Ajanta Caves,File:10 Ajanta Caves overview.jpg,https://commons.wikimedia.org/wiki/File:10_Ajanta_Caves_overview.jpg,https://upload.wikimedia.org/wikipedia/commons/thumb/c/cd/10_Ajanta_Caves_overview.jpg/1280px-10_Ajanta_Caves_overview.jpg,3264,2448,2016-09-18T12:05:12Z,CC BY-SA 4.0,2026-02-28T00:46:43.112832
ajanta_caves_016,ajanta_caves_016_fec7198a.jpg,Ajanta Caves,File:10 Ajanta Caves overview.jpg,https://commons.wikimedia.org/wiki/File:10_Ajanta_Caves_overview.jpg,https://upload.wikimedia.org/wikipedia/commons/thumb/c/cd/10_Ajanta_Caves_overview.jpg/1280px-10_Ajanta_Caves_overview.jpg,3264,2448,2016-09-18T12:05:12Z,CC BY-SA 4.0,2026-02-28T00:46:43.112832
ajanta_caves_017,ajanta_caves_017_838801d6.jpg,Ajanta Caves,File:10 Ajanta Caves overview.jpg,https://commons.wikimedia.org/wiki/File:10_Ajanta_Caves_overview.jpg,https://upload.wikimedia.org/wikipedia/commons/thumb/c/cd/10_Ajanta_Caves_overview.jpg/1280px-10_Ajanta_Caves_overview.jpg,3264,2448,2016-09-18T12:05:12Z,CC BY-SA 4.0,2026-02-28T00:46:43.112832
ajanta_caves_018,ajanta_caves_018_25a90892.jpg,Ajanta Caves,File:10 Ajanta Caves overview.jpg,https://commons.wikimedia.org/wiki/File:10_Ajanta_Caves_overview.jpg,https://upload.wikimedia.org/wikipedia/commons/thumb/c/cd/10_Ajanta_Caves_overview.jpg/1280px-10_Ajanta_Caves_overview.jpg,3264,2448,2016-09-18T12:05:12Z,CC BY-SA 4.0,2026-02-28T00:46:43.112832
ajanta_caves_019,ajanta_caves_019_b2494589.jpg,Ajanta Caves,File:10 Ajanta Caves overview.jpg,https://commons.wikimedia.org/wiki/File:10_Ajanta_Caves_overview.jpg,https://upload.wikimedia.org/wikipedia/commons/thumb/c/cd/10_Ajanta_Caves_overview.jpg/1280px-10_Ajanta_Caves_overview.jpg,3264,2448,2016-09-18T12:05:12Z,CC BY-SA 4.0,2026-02-28T00:46:43.112832
ajanta_caves_020,ajanta_caves_020_bdbedded.jpg,Ajanta Caves,File:10 Ajanta Caves overview.jpg,https://commons.wikimedia.org/wiki/File:10_Ajanta_Caves_overview.jpg,https://upload.wikimedia.org/wikipedia/commons/thumb/c/cd/10_Ajanta_Caves_overview.jpg/1280px-10_Ajanta_Caves_overview.jpg,3264,2448,2016-09-18T12:05:12Z,CC BY-SA 4.0,2026-02-28T00:46:43.112832
ajanta_caves_021,ajanta_caves_021_ed0feefa.jpg,Ajanta Caves,File:10 Ajanta Caves overview.jpg,https://commons.wikimedia.org/wiki/File:10_Ajanta_Caves_overview.jpg,https://upload.wikimedia.org/wikipedia/commons/thumb/c/cd/10_Ajanta_Caves_overview.jpg/1280px-10_Ajanta_Caves_overview.jpg,3264,2448,2016-09-18T12:05:12Z,CC BY-SA 4.0,2026-02-28T00:46:43.112832
ajanta_caves_022,ajanta_caves_022_511e2e47.jpg,Ajanta Caves,File:10 Ajanta Caves overview.jpg,https://commons.wikimedia.org/wiki/File:10_Ajanta_Caves_overview.jpg,https://upload.wikimedia.org/wikipedia/commons/thumb/c/cd/10_Ajanta_Caves_overview.jpg/1280px-10_Ajanta_Caves_overview.jpg,3264,2448,2016-09-18T12:05:12Z,CC BY-SA 4.0,2026-02-28T00:46:43.112832
ajanta_caves_023,ajanta_caves_023_04557abf.jpg,Ajanta Caves,File:10 Ajanta Caves overview.jpg,https://commons.wikimedia.org/wiki/File:10_Ajanta_Caves_overview.jpg,https://upload.wikimedia.org/wikipedia/commons/thumb/c/cd/10_Ajanta_Caves_overview.jpg/1280px-10_Ajanta_Caves_overview.jpg,3264,2448,2016-09-18T12:05:12Z,CC BY-SA 4.0,2026-02-28T00:46:43.112832
ajanta_caves_024,ajanta_caves_024_d189492e.jpg,Ajanta Caves,File:10 Ajanta Caves overview.jpg,https://commons.wikimedia.org/wiki/File:10_Ajanta_Caves_overview.jpg,https://upload.wikimedia.org/wikipedia/commons/thumb/c/cd/10_Ajanta_Caves_overview.jpg/1280px-10_Ajanta_Caves_overview.jpg,3264,2448,2016-09-18T12:05:12Z,CC BY-SA 4.0,2026-02-28T00:46:43.112832
ellora_caves_001,ellora_caves_001_8ccf6916.jpg,Ellora Caves,File:Ambika Cave 32 Ellora.jpg,https://commons.wikimedia.org/wiki/File:Ambika_Cave_32_Ellora.jpg,https://upload.wikimedia.org/wikipedia/commons/thumb/2/22/Ambika_Cave_32_Ellora.jpg/1280px-Ambika_Cave_32_Ellora.jpg,3403,5109,2023-04-24T18:47:57Z,CC BY-SA 4.0,2026-02-28T00:47:26.586735
ellora_caves_002,ellora_caves_002_284bf7a5.jpg,Ellora Caves,File:Ambika Cave 32 Ellora.jpg,https://commons.wikimedia.org/wiki/File:Ambika_Cave_32_Ellora.jpg,https://upload.wikimedia.org/wikipedia/commons/thumb/2/22/Ambika_Cave_32_Ellora.jpg/1280px-Ambika_Cave_32_Ellora.jpg,3403,5109,2023-04-24T18:47:57Z,CC BY-SA 4.0,2026-02-28T00:47:26.586735
ellora_caves_003,ellora_caves_003_8a011668.jpg,Ellora Caves,File:Ambika Cave 32 Ellora.jpg,https://commons.wikimedia.org/wiki/File:Ambika_Cave_32_Ellora.jpg,https://upload.wikimedia.org/wikipedia/commons/thumb/2/22/Ambika_Cave_32_Ellora.jpg/1280px-Ambika_Cave_32_Ellora.jpg,3403,5109,2023-04-24T18:47:57Z,CC BY-SA 4.0,2026-02-28T00:47:26.586735
ellora_caves_004,ellora_caves_004_7cff175a.jpg,Ellora Caves,File:Ambika Cave 32 Ellora.jpg,https://commons.wikimedia.org/wiki/File:Ambika_Cave_32_Ellora.jpg,https://upload.wikimedia.org/wikipedia/commons/thumb/2/22/Ambika_Cave_32_Ellora.jpg/1280px-Ambika_Cave_32_Ellora.jpg,3403,5109,2023-04-24T18:47:57Z,CC BY-SA 4.0,2026-02-28T00:47:26.586735
ellora_caves_005,ellora_caves_005_4432e3e9.jpg,Ellora Caves,File:Ambika Cave 32 Ellora.jpg,https://commons.wikimedia.org/wiki/File:Ambika_Cave_32_Ellora.jpg,https://upload.wikimedia.org/wikipedia/commons/thumb/2/22/Ambika_Cave_32_Ellora.jpg/1280px-Ambika_Cave_32_Ellora.jpg,3403,5109,2023-04-24T18:47:57Z,CC BY-SA 4.0,2026-02-28T00:47:26.586735
ellora_caves_006,ellora_caves_006_693e39c5.jpg,Ellora Caves,File:Ambika Cave 32 Ellora.jpg,https://commons.wikimedia.org/wiki/File:Ambika_Cave_32_Ellora.jpg,https://upload.wikimedia.org/wikipedia/commons/thumb/2/22/Ambika_Cave_32_Ellora.jpg/1280px-Ambika_Cave_32_Ellora.jpg,3403,5109,2023-04-24T18:47:57Z,CC BY-SA 4.0,2026-02-28T00:47:26.586735
ellora_caves_007,ellora_caves_007_f1e43c1b.jpg,Ellora Caves,File:Ambika Cave 32 Ellora.jpg,https://commons.wikimedia.org/wiki/File:Ambika_Cave_32_Ellora.jpg,https://upload.wikimedia.org/wikipedia/commons/thumb/2/22/Ambika_Cave_32_Ellora.jpg/1280px-Ambika_Cave_32_Ellora.jpg,3403,5109,2023-04-24T18:47:57Z,CC BY-SA 4.0,2026-02-28T00:47:26.586735
ellora_caves_008,ellora_caves_008_336fc589.jpg,Ellora Caves,File:Ambika Cave 32 Ellora.jpg,https://commons.wikimedia.org/wiki/File:Ambika_Cave_32_Ellora.jpg,https://upload.wikimedia.org/wikipedia/commons/thumb/2/22/Ambika_Cave_32_Ellora.jpg/1280px-Ambika_Cave_32_Ellora.jpg,3403,5109,2023-04-24T18:47:57Z,CC BY-SA 4.0,2026-02-28T00:47:26.586735
ellora_caves_009,ellora_caves_009_d3748222.jpg,Ellora Caves,File:Ambika Cave 32 Ellora.jpg,https://commons.wikimedia.org/wiki/File:Ambika_Cave_32_Ellora.jpg,https://upload.wikimedia.org/wikipedia/commons/thumb/2/22/Ambika_Cave_32_Ellora.jpg/1280px-Ambika_Cave_32_Ellora.jpg,3403,5109,2023-04-24T18:47:57Z,CC BY-SA 4.0,2026-02-28T00:47:26.586735
ellora_caves_010,ellora_caves_010_ac7acabf.jpg,Ellora Caves,File:Ambika Cave 32 Ellora.jpg,https://commons.wikimedia.org/wiki/File:Ambika_Cave_32_Ellora.jpg,https://upload.wikimedia.org/wikipedia/commons/thumb/2/22/Ambika_Cave_32_Ellora.jpg/1280px-Ambika_Cave_32_Ellora.jpg,3403,5109,2023-04-24T18:47:57Z,CC BY-SA 4.0,2026-02-28T00:47:26.586735
ellora_caves_011,ellora_caves_011_2e920bfc.jpg,Ellora Caves,File:Ambika Cave 32 Ellora.jpg,https://commons.wikimedia.org/wiki/File:Ambika_Cave_32_Ellora.jpg,https://upload.wikimedia.org/wikipedia/commons/thumb/2/22/Ambika_Cave_32_Ellora.jpg/1280px-Ambika_Cave_32_Ellora.jpg,3403,5109,2023-04-24T18:47:57Z,CC BY-SA 4.0,2026-02-28T00:47:26.586735
ellora_caves_012,ellora_caves_012_b48e1e25.jpg,Ellora Caves,File:Ambika Cave 32 Ellora.jpg,https://commons.wikimedia.org/wiki/File:Ambika_Cave_32_Ellora.jpg,https://upload.wikimedia.org/wikipedia/commons/thumb/2/22/Ambika_Cave_32_Ellora.jpg/1280px-Ambika_Cave_32_Ellora.jpg,3403,5109,2023-04-24T18:47:57Z,CC BY-SA 4.0,2026-02-28T00:47:26.586735
ellora_caves_013,ellora_caves_013_6006eec9.jpg,Ellora Caves,File:Ambika Cave 32 Ellora.jpg,https://commons.wikimedia.org/wiki/File:Ambika_Cave_32_Ellora.jpg,https://upload.wikimedia.org/wikipedia/commons/thumb/2/22/Ambika_Cave_32_Ellora.jpg/1280px-Ambika_Cave_32_Ellora.jpg,3403,5109,2023-04-24T18:47:57Z,CC BY-SA 4.0,2026-02-28T00:47:26.586735
ellora_caves_014,ellora_caves_014_686f0a7a.jpg,Ellora Caves,File:Ambika Cave 32 Ellora.jpg,https://commons.wikimedia.org/wiki/File:Ambika_Cave_32_Ellora.jpg,https://upload.wikimedia.org/wikipedia/commons/thumb/2/22/Ambika_Cave_32_Ellora.jpg/1280px-Ambika_Cave_32_Ellora.jpg,3403,5109,2023-04-24T18:47:57Z,CC BY-SA 4.0,2026-02-28T00:47:26.586735
ellora_caves_015,ellora_caves_015_8749d8ac.jpg,Ellora Caves,File:Ambika Cave 32 Ellora.jpg,https://commons.wikimedia.org/wiki/File:Ambika_Cave_32_Ellora.jpg,https://upload.wikimedia.org/wikipedia/commons/thumb/2/22/Ambika_Cave_32_Ellora.jpg/1280px-Ambika_Cave_32_Ellora.jpg,3403,5109,2023-04-24T18:47:57Z,CC BY-SA 4.0,2026-02-28T00:47:26.586735
ellora_caves_016,ellora_caves_016_0732bdeb.jpg,Ellora Caves,File:Ambika Cave 32 Ellora.jpg,https://commons.wikimedia.org/wiki/File:Ambika_Cave_32_Ellora.jpg,https://upload.wikimedia.org/wikipedia/commons/thumb/2/22/Ambika_Cave_32_Ellora.jpg/1280px-Ambika_Cave_32_Ellora.jpg,3403,5109,2023-04-24T18:47:57Z,CC BY-SA 4.0,2026-02-28T00:47:26.586735
ellora_caves_017,ellora_caves_017_d5979a5d.jpg,Ellora Caves,File:Ambika Cave 32 Ellora.jpg,https://commons.wikimedia.org/wiki/File:Ambika_Cave_32_Ellora.jpg,https://upload.wikimedia.org/wikipedia/commons/thumb/2/22/Ambika_Cave_32_Ellora.jpg/1280px-Ambika_Cave_32_Ellora.jpg,3403,5109,2023-04-24T18:47:57Z,CC BY-SA 4.0,2026-02-28T00:47:26.586735
ellora_caves_018,ellora_caves_018_23d2598e.jpg,Ellora Caves,File:Ambika Cave 32 Ellora.jpg,https://commons.wikimedia.org/wiki/File:Ambika_Cave_32_Ellora.jpg,https://upload.wikimedia.org/wikipedia/commons/thumb/2/22/Ambika_Cave_32_Ellora.jpg/1280px-Ambika_Cave_32_Ellora.jpg,3403,5109,2023-04-24T18:47:57Z,CC BY-SA 4.0,2026-02-28T00:47:26.586735
ellora_caves_019,ellora_caves_019_ed9dd032.jpg,Ellora Caves,File:Ambika Cave 32 Ellora.jpg,https://commons.wikimedia.org/wiki/File:Ambika_Cave_32_Ellora.jpg,https://upload.wikimedia.org/wikipedia/commons/thumb/2/22/Ambika_Cave_32_Ellora.jpg/1280px-Ambika_Cave_32_Ellora.jpg,3403,5109,2023-04-24T18:47:57Z,CC BY-SA 4.0,2026-02-28T00:47:26.586735
ellora_caves_020,ellora_caves_020_918f67a4.jpg,Ellora Caves,File:Ambika Cave 32 Ellora.jpg,https://commons.wikimedia.org/wiki/File:Ambika_Cave_32_Ellora.jpg,https://upload.wikimedia.org/wikipedia/commons/thumb/2/22/Ambika_Cave_32_Ellora.jpg/1280px-Ambika_Cave_32_Ellora.jpg,3403,5109,2023-04-24T18:47:57Z,CC BY-SA 4.0,2026-02-28T00:47:26.586735
konark_sun_temple_001,konark_sun_temple_001_30f30206.jpg,Konark Sun Temple,File:13th Century Elephant sculpture at Konark Sun Temple Puri district; Odisha; India.jpg,https://commons.wikimedia.org/wiki/File:13th_Century_Elephant_sculpture_at_Konark_Sun_Temple_Puri_district;_Odisha;_India.jpg,https://upload.wikimedia.org/wikipedia/commons/thumb/8/8a/13th_Century_Elephant_sculpture_at_Konark_Sun_Temple_Puri_district%2C_Odisha%2C_India.jpg/1280px-13th_Century_Elephant_sculpture_at_Konark_Sun_Temple_Puri_district%2C_Odisha%2C_India.jpg,2364,3062,2025-11-24T14:11:54Z,CC BY-SA 4.0,2026-02-28T00:48:09.776889
konark_sun_temple_002,konark_sun_temple_002_59b5a5b6.jpg,Konark Sun Temple,File:13th Century Elephant sculpture at Konark Sun Temple Puri district; Odisha; India.jpg,https://commons.wikimedia.org/wiki/File:13th_Century_Elephant_sculpture_at_Konark_Sun_Temple_Puri_district;_Odisha;_India.jpg,https://upload.wikimedia.org/wikipedia/commons/thumb/8/8a/13th_Century_Elephant_sculpture_at_Konark_Sun_Temple_Puri_district%2C_Odisha%2C_India.jpg/1280px-13th_Century_Elephant_sculpture_at_Konark_Sun_Temple_Puri_district%2C_Odisha%2C_India.jpg,2364,3062,2025-11-24T14:11:54Z,CC BY-SA 4.0,2026-02-28T00:48:09.776889
konark_sun_temple_003,konark_sun_temple_003_205777ad.jpg,Konark Sun Temple,File:13th Century Elephant sculpture at Konark Sun Temple Puri district; Odisha; India.jpg,https://commons.wikimedia.org/wiki/File:13th_Century_Elephant_sculpture_at_Konark_Sun_Temple_Puri_district;_Odisha;_India.jpg,https://upload.wikimedia.org/wikipedia/commons/thumb/8/8a/13th_Century_Elephant_sculpture_at_Konark_Sun_Temple_Puri_district%2C_Odisha%2C_India.jpg/1280px-13th_Century_Elephant_sculpture_at_Konark_Sun_Temple_Puri_district%2C_Odisha%2C_India.jpg,2364,3062,2025-11-24T14:11:54Z,CC BY-SA 4.0,2026-02-28T00:48:09.776889
konark_sun_temple_004,konark_sun_temple_004_00e6fc89.jpg,Konark Sun Temple,File:13th Century Elephant sculpture at Konark Sun Temple Puri district; Odisha; India.jpg,https://commons.wikimedia.org/wiki/File:13th_Century_Elephant_sculpture_at_Konark_Sun_Temple_Puri_district;_Odisha;_India.jpg,https://upload.wikimedia.org/wikipedia/commons/thumb/8/8a/13th_Century_Elephant_sculpture_at_Konark_Sun_Temple_Puri_district%2C_Odisha%2C_India.jpg/1280px-13th_Century_Elephant_sculpture_at_Konark_Sun_Temple_Puri_district%2C_Odisha%2C_India.jpg,2364,3062,2025-11-24T14:11:54Z,CC BY-SA 4.0,2026-02-28T00:48:09.776889
konark_sun_temple_005,konark_sun_temple_005_f452efc9.jpg,Konark Sun Temple,File:13th Century Elephant sculpture at Konark Sun Temple Puri district; Odisha; India.jpg,https://commons.wikimedia.org/wiki/File:13th_Century_Elephant_sculpture_at_Konark_Sun_Temple_Puri_district;_Odisha;_India.jpg,https://upload.wikimedia.org/wikipedia/commons/thumb/8/8a/13th_Century_Elephant_sculpture_at_Konark_Sun_Temple_Puri_district%2C_Odisha%2C_India.jpg/1280px-13th_Century_Elephant_sculpture_at_Konark_Sun_Temple_Puri_district%2C_Odisha%2C_India.jpg,2364,3062,2025-11-24T14:11:54Z,CC BY-SA 4.0,2026-02-28T00:48:09.776889
konark_sun_temple_006,konark_sun_temple_006_632595a8.jpg,Konark Sun Temple,File:13th Century Elephant sculpture at Konark Sun Temple Puri district; Odisha; India.jpg,https://commons.wikimedia.org/wiki/File:13th_Century_Elephant_sculpture_at_Konark_Sun_Temple_Puri_district;_Odisha;_India.jpg,https://upload.wikimedia.org/wikipedia/commons/thumb/8/8a/13th_Century_Elephant_sculpture_at_Konark_Sun_Temple_Puri_district%2C_Odisha%2C_India.jpg/1280px-13th_Century_Elephant_sculpture_at_Konark_Sun_Temple_Puri_district%2C_Odisha%2C_India.jpg,2364,3062,2025-11-24T14:11:54Z,CC BY-SA 4.0,2026-02-28T00:48:09.776889
konark_sun_temple_007,konark_sun_temple_007_9bebc54f.jpg,Konark Sun Temple,File:13th Century Elephant sculpture at Konark Sun Temple Puri district; Odisha; India.jpg,https://commons.wikimedia.org/wiki/File:13th_Century_Elephant_sculpture_at_Konark_Sun_Temple_Puri_district;_Odisha;_India.jpg,https://upload.wikimedia.org/wikipedia/commons/thumb/8/8a/13th_Century_Elephant_sculpture_at_Konark_Sun_Temple_Puri_district%2C_Odisha%2C_India.jpg/1280px-13th_Century_Elephant_sculpture_at_Konark_Sun_Temple_Puri_district%2C_Odisha%2C_India.jpg,2364,3062,2025-11-24T14:11:54Z,CC BY-SA 4.0,2026-02-28T00:48:09.776889
konark_sun_temple_008,konark_sun_temple_008_7487cee0.jpg,Konark Sun Temple,File:13th Century Elephant sculpture at Konark Sun Temple Puri district; Odisha; India.jpg,https://commons.wikimedia.org/wiki/File:13th_Century_Elephant_sculpture_at_Konark_Sun_Temple_Puri_district;_Odisha;_India.jpg,https://upload.wikimedia.org/wikipedia/commons/thumb/8/8a/13th_Century_Elephant_sculpture_at_Konark_Sun_Temple_Puri_district%2C_Odisha%2C_India.jpg/1280px-13th_Century_Elephant_sculpture_at_Konark_Sun_Temple_Puri_district%2C_Odisha%2C_India.jpg,2364,3062,2025-11-24T14:11:54Z,CC BY-SA 4.0,2026-02-28T00:48:09.776889
konark_sun_temple_009,konark_sun_temple_009_a232f2c6.jpg,Konark Sun Temple,File:13th Century Elephant sculpture at Konark Sun Temple Puri district; Odisha; India.jpg,https://commons.wikimedia.org/wiki/File:13th_Century_Elephant_sculpture_at_Konark_Sun_Temple_Puri_district;_Odisha;_India.jpg,https://upload.wikimedia.org/wikipedia/commons/thumb/8/8a/13th_Century_Elephant_sculpture_at_Konark_Sun_Temple_Puri_district%2C_Odisha%2C_India.jpg/1280px-13th_Century_Elephant_sculpture_at_Konark_Sun_Temple_Puri_district%2C_Odisha%2C_India.jpg,2364,3062,2025-11-24T14:11:54Z,CC BY-SA 4.0,2026-02-28T00:48:09.776889
konark_sun_temple_010,konark_sun_temple_010_79dc93e2.jpg,Konark Sun Temple,File:13th Century Elephant sculpture at Konark Sun Temple Puri district; Odisha; India.jpg,https://commons.wikimedia.org/wiki/File:13th_Century_Elephant_sculpture_at_Konark_Sun_Temple_Puri_district;_Odisha;_India.jpg,https://upload.wikimedia.org/wikipedia/commons/thumb/8/8a/13th_Century_Elephant_sculpture_at_Konark_Sun_Temple_Puri_district%2C_Odisha%2C_India.jpg/1280px-13th_Century_Elephant_sculpture_at_Konark_Sun_Temple_Puri_district%2C_Odisha%2C_India.jpg,2364,3062,2025-11-24T14:11:54Z,CC BY-SA 4.0,2026-02-28T00:48:09.776889
konark_sun_temple_011,konark_sun_temple_011_8af31f8a.jpg,Konark Sun Temple,File:13th Century Elephant sculpture at Konark Sun Temple Puri district; Odisha; India.jpg,https://commons.wikimedia.org/wiki/File:13th_Century_Elephant_sculpture_at_Konark_Sun_Temple_Puri_district;_Odisha;_India.jpg,https://upload.wikimedia.org/wikipedia/commons/thumb/8/8a/13th_Century_Elephant_sculpture_at_Konark_Sun_Temple_Puri_district%2C_Odisha%2C_India.jpg/1280px-13th_Century_Elephant_sculpture_at_Konark_Sun_Temple_Puri_district%2C_Odisha%2C_India.jpg,2364,3062,2025-11-24T14:11:54Z,CC BY-SA 4.0,2026-02-28T00:48:09.776889
konark_sun_temple_012,konark_sun_temple_012_d7c47db3.jpg,Konark Sun Temple,File:13th Century Elephant sculpture at Konark Sun Temple Puri district; Odisha; India.jpg,https://commons.wikimedia.org/wiki/File:13th_Century_Elephant_sculpture_at_Konark_Sun_Temple_Puri_district;_Odisha;_India.jpg,https://upload.wikimedia.org/wikipedia/commons/thumb/8/8a/13th_Century_Elephant_sculpture_at_Konark_Sun_Temple_Puri_district%2C_Odisha%2C_India.jpg/1280px-13th_Century_Elephant_sculpture_at_Konark_Sun_Temple_Puri_district%2C_Odisha%2C_India.jpg,2364,3062,2025-11-24T14:11:54Z,CC BY-SA 4.0,2026-02-28T00:48:09.776889
konark_sun_temple_013,konark_sun_temple_013_0bb2cc9e.jpg,Konark Sun Temple,File:13th Century Elephant sculpture at Konark Sun Temple Puri district; Odisha; India.jpg,https://commons.wikimedia.org/wiki/File:13th_Century_Elephant_sculpture_at_Konark_Sun_Temple_Puri_district;_Odisha;_India.jpg,https://upload.wikimedia.org/wikipedia/commons/thumb/8/8a/13th_Century_Elephant_sculpture_at_Konark_Sun_Temple_Puri_district%2C_Odisha%2C_India.jpg/1280px-13th_Century_Elephant_sculpture_at_Konark_Sun_Temple_Puri_district%2C_Odisha%2C_India.jpg,2364,3062,2025-11-24T14:11:54Z,CC BY-SA 4.0,2026-02-28T00:48:09.776889
konark_sun_temple_014,konark_sun_temple_014_cfa0f61e.jpg,Konark Sun Temple,File:13th Century Elephant sculpture at Konark Sun Temple Puri district; Odisha; India.jpg,https://commons.wikimedia.org/wiki/File:13th_Century_Elephant_sculpture_at_Konark_Sun_Temple_Puri_district;_Odisha;_India.jpg,https://upload.wikimedia.org/wikipedia/commons/thumb/8/8a/13th_Century_Elephant_sculpture_at_Konark_Sun_Temple_Puri_district%2C_Odisha%2C_India.jpg/1280px-13th_Century_Elephant_sculpture_at_Konark_Sun_Temple_Puri_district%2C_Odisha%2C_India.jpg,2364,3062,2025-11-24T14:11:54Z,CC BY-SA 4.0,2026-02-28T00:48:09.776889
konark_sun_temple_015,konark_sun_temple_015_ab8367f3.jpg,Konark Sun Temple,File:13th Century Elephant sculpture at Konark Sun Temple Puri district; Odisha; India.jpg,https://commons.wikimedia.org/wiki/File:13th_Century_Elephant_sculpture_at_Konark_Sun_Temple_Puri_district;_Odisha;_India.jpg,https://upload.wikimedia.org/wikipedia/commons/thumb/8/8a/13th_Century_Elephant_sculpture_at_Konark_Sun_Temple_Puri_district%2C_Odisha%2C_India.jpg/1280px-13th_Century_Elephant_sculpture_at_Konark_Sun_Temple_Puri_district%2C_Odisha%2C_India.jpg,2364,3062,2025-11-24T14:11:54Z,CC BY-SA 4.0,2026-02-28T00:48:09.776889
khajuraho_temples_001,khajuraho_temples_001_eaecfd3c.jpg,Khajuraho Temples,File:20120303 zoophilia Lakshmana Temple Khajuraho India (panoramic version).jpg,https://commons.wikimedia.org/wiki/File:20120303_zoophilia_Lakshmana_Temple_Khajuraho_India_(panoramic_version).jpg,https://upload.wikimedia.org/wikipedia/commons/thumb/c/cb/20120303_zoophilia_Lakshmana_Temple_Khajuraho_India_%28panoramic_version%29.jpg/1280px-20120303_zoophilia_Lakshmana_Temple_Khajuraho_India_%28panoramic_version%29.jpg,4204,2278,2013-01-21T10:33:08Z,CC BY-SA 3.0,2026-02-28T00:48:50.999944
khajuraho_temples_002,khajuraho_temples_002_65799651.jpg,Khajuraho Temples,File:20120303 zoophilia Lakshmana Temple Khajuraho India (panoramic version).jpg,https://commons.wikimedia.org/wiki/File:20120303_zoophilia_Lakshmana_Temple_Khajuraho_India_(panoramic_version).jpg,https://upload.wikimedia.org/wikipedia/commons/thumb/c/cb/20120303_zoophilia_Lakshmana_Temple_Khajuraho_India_%28panoramic_version%29.jpg/1280px-20120303_zoophilia_Lakshmana_Temple_Khajuraho_India_%28panoramic_version%29.jpg,4204,2278,2013-01-21T10:33:08Z,CC BY-SA 3.0,2026-02-28T00:48:50.999944
khajuraho_temples_003,khajuraho_temples_003_1986b593.jpg,Khajuraho Temples,File:20120303 zoophilia Lakshmana Temple Khajuraho India (panoramic version).jpg,https://commons.wikimedia.org/wiki/File:20120303_zoophilia_Lakshmana_Temple_Khajuraho_India_(panoramic_version).jpg,https://upload.wikimedia.org/wikipedia/commons/thumb/c/cb/20120303_zoophilia_Lakshmana_Temple_Khajuraho_India_%28panoramic_version%29.jpg/1280px-20120303_zoophilia_Lakshmana_Temple_Khajuraho_India_%28panoramic_version%29.jpg,4204,2278,2013-01-21T10:33:08Z,CC BY-SA 3.0,2026-02-28T00:48:50.999944
khajuraho_temples_004,khajuraho_temples_004_9bb546a5.jpg,Khajuraho Temples,File:20120303 zoophilia Lakshmana Temple Khajuraho India (panoramic version).jpg,https://commons.wikimedia.org/wiki/File:20120303_zoophilia_Lakshmana_Temple_Khajuraho_India_(panoramic_version).jpg,https://upload.wikimedia.org/wikipedia/commons/thumb/c/cb/20120303_zoophilia_Lakshmana_Temple_Khajuraho_India_%28panoramic_version%29.jpg/1280px-20120303_zoophilia_Lakshmana_Temple_Khajuraho_India_%28panoramic_version%29.jpg,4204,2278,2013-01-21T10:33:08Z,CC BY-SA 3.0,2026-02-28T00:48:50.999944
khajuraho_temples_005,khajuraho_temples_005_e50fa5f1.jpg,Khajuraho Temples,File:20120303 zoophilia Lakshmana Temple Khajuraho India (panoramic version).jpg,https://commons.wikimedia.org/wiki/File:20120303_zoophilia_Lakshmana_Temple_Khajuraho_India_(panoramic_version).jpg,https://upload.wikimedia.org/wikipedia/commons/thumb/c/cb/20120303_zoophilia_Lakshmana_Temple_Khajuraho_India_%28panoramic_version%29.jpg/1280px-20120303_zoophilia_Lakshmana_Temple_Khajuraho_India_%28panoramic_version%29.jpg,4204,2278,2013-01-21T10:33:08Z,CC BY-SA 3.0,2026-02-28T00:48:50.999944
khajuraho_temples_006,khajuraho_temples_006_68653388.jpg,Khajuraho Temples,File:20120303 zoophilia Lakshmana Temple Khajuraho India (panoramic version).jpg,https://commons.wikimedia.org/wiki/File:20120303_zoophilia_Lakshmana_Temple_Khajuraho_India_(panoramic_version).jpg,https://upload.wikimedia.org/wikipedia/commons/thumb/c/cb/20120303_zoophilia_Lakshmana_Temple_Khajuraho_India_%28panoramic_version%29.jpg/1280px-20120303_zoophilia_Lakshmana_Temple_Khajuraho_India_%28panoramic_version%29.jpg,4204,2278,2013-01-21T10:33:08Z,CC BY-SA 3.0,2026-02-28T00:48:50.999944
khajuraho_temples_007,khajuraho_temples_007_6b7f63ec.jpg,Khajuraho Temples,File:20120303 zoophilia Lakshmana Temple Khajuraho India (panoramic version).jpg,https://commons.wikimedia.org/wiki/File:20120303_zoophilia_Lakshmana_Temple_Khajuraho_India_(panoramic_version).jpg,https://upload.wikimedia.org/wikipedia/commons/thumb/c/cb/20120303_zoophilia_Lakshmana_Temple_Khajuraho_India_%28panoramic_version%29.jpg/1280px-20120303_zoophilia_Lakshmana_Temple_Khajuraho_India_%28panoramic_version%29.jpg,4204,2278,2013-01-21T10:33:08Z,CC BY-SA 3.0,2026-02-28T00:48:50.999944
khajuraho_temples_008,khajuraho_temples_008_6dc0154b.jpg,Khajuraho Temples,File:20120303 zoophilia Lakshmana Temple Khajuraho India (panoramic version).jpg,https://commons.wikimedia.org/wiki/File:20120303_zoophilia_Lakshmana_Temple_Khajuraho_India_(panoramic_version).jpg,https://upload.wikimedia.org/wikipedia/commons/thumb/c/cb/20120303_zoophilia_Lakshmana_Temple_Khajuraho_India_%28panoramic_version%29.jpg/1280px-20120303_zoophilia_Lakshmana_Temple_Khajuraho_India_%28panoramic_version%29.jpg,4204,2278,2013-01-21T10:33:08Z,CC BY-SA 3.0,2026-02-28T00:48:50.999944
khajuraho_temples_009,khajuraho_temples_009_a69f73ea.jpg,Khajuraho Temples,File:20120303 zoophilia Lakshmana Temple Khajuraho India (panoramic version).jpg,https://commons.wikimedia.org/wiki/File:20120303_zoophilia_Lakshmana_Temple_Khajuraho_India_(panoramic_version).jpg,https://upload.wikimedia.org/wikipedia/commons/thumb/c/cb/20120303_zoophilia_Lakshmana_Temple_Khajuraho_India_%28panoramic_version%29.jpg/1280px-20120303_zoophilia_Lakshmana_Temple_Khajuraho_India_%28panoramic_version%29.jpg,4204,2278,2013-01-21T10:33:08Z,CC BY-SA 3.0,2026-02-28T00:48:50.999944
khajuraho_temples_010,khajuraho_temples_010_24967bba.jpg,Khajuraho Temples,File:20120303 zoophilia Lakshmana Temple Khajuraho India (panoramic version).jpg,https://commons.wikimedia.org/wiki/File:20120303_zoophilia_Lakshmana_Temple_Khajuraho_India_(panoramic_version).jpg,https://upload.wikimedia.org/wikipedia/commons/thumb/c/cb/20120303_zoophilia_Lakshmana_Temple_Khajuraho_India_%28panoramic_version%29.jpg/1280px-20120303_zoophilia_Lakshmana_Temple_Khajuraho_India_%28panoramic_version%29.jpg,4204,2278,2013-01-21T10:33:08Z,CC BY-SA 3.0,2026-02-28T00:48:50.999944
khajuraho_temples_011,khajuraho_temples_011_1b13a9ed.jpg,Khajuraho Temples,File:20120303 zoophilia Lakshmana Temple Khajuraho India (panoramic version).jpg,https://commons.wikimedia.org/wiki/File:20120303_zoophilia_Lakshmana_Temple_Khajuraho_India_(panoramic_version).jpg,https://upload.wikimedia.org/wikipedia/commons/thumb/c/cb/20120303_zoophilia_Lakshmana_Temple_Khajuraho_India_%28panoramic_version%29.jpg/1280px-20120303_zoophilia_Lakshmana_Temple_Khajuraho_India_%28panoramic_version%29.jpg,4204,2278,2013-01-21T10:33:08Z,CC BY-SA 3.0,2026-02-28T00:48:50.999944
khajuraho_temples_012,khajuraho_temples_012_277ca508.jpg,Khajuraho Temples,File:20120303 zoophilia Lakshmana Temple Khajuraho India (panoramic version).jpg,https://commons.wikimedia.org/wiki/File:20120303_zoophilia_Lakshmana_Temple_Khajuraho_India_(panoramic_version).jpg,https://upload.wikimedia.org/wikipedia/commons/thumb/c/cb/20120303_zoophilia_Lakshmana_Temple_Khajuraho_India_%28panoramic_version%29.jpg/1280px-20120303_zoophilia_Lakshmana_Temple_Khajuraho_India_%28panoramic_version%29.jpg,4204,2278,2013-01-21T10:33:08Z,CC BY-SA 3.0,2026-02-28T00:48:50.999944
khajuraho_temples_013,khajuraho_temples_013_2e6eec0c.jpg,Khajuraho Temples,File:20120303 zoophilia Lakshmana Temple Khajuraho India (panoramic version).jpg,https://commons.wikimedia.org/wiki/File:20120303_zoophilia_Lakshmana_Temple_Khajuraho_India_(panoramic_version).jpg,https://upload.wikimedia.org/wikipedia/commons/thumb/c/cb/20120303_zoophilia_Lakshmana_Temple_Khajuraho_India_%28panoramic_version%29.jpg/1280px-20120303_zoophilia_Lakshmana_Temple_Khajuraho_India_%28panoramic_version%29.jpg,4204,2278,2013-01-21T10:33:08Z,CC BY-SA 3.0,2026-02-28T00:48:50.999944
khajuraho_temples_014,khajuraho_temples_014_04e8a2ea.jpg,Khajuraho Temples,File:20120303 zoophilia Lakshmana Temple Khajuraho India (panoramic version).jpg,https://commons.wikimedia.org/wiki/File:20120303_zoophilia_Lakshmana_Temple_Khajuraho_India_(panoramic_version).jpg,https://upload.wikimedia.org/wikipedia/commons/thumb/c/cb/20120303_zoophilia_Lakshmana_Temple_Khajuraho_India_%28panoramic_version%29.jpg/1280px-20120303_zoophilia_Lakshmana_Temple_Khajuraho_India_%28panoramic_version%29.jpg,4204,2278,2013-01-21T10:33:08Z,CC BY-SA 3.0,2026-02-28T00:48:50.999944
khajuraho_temples_015,khajuraho_temples_015_91e5d94d.jpg,Khajuraho Temples,File:20120303 zoophilia Lakshmana Temple Khajuraho India (panoramic version).jpg,https://commons.wikimedia.org/wiki/File:20120303_zoophilia_Lakshmana_Temple_Khajuraho_India_(panoramic_version).jpg,https://upload.wikimedia.org/wikipedia/commons/thumb/c/cb/20120303_zoophilia_Lakshmana_Temple_Khajuraho_India_%28panoramic_version%29.jpg/1280px-20120303_zoophilia_Lakshmana_Temple_Khajuraho_India_%28panoramic_version%29.jpg,4204,2278,2013-01-21T10:33:08Z,CC BY-SA 3.0,2026-02-28T00:48:50.999944
khajuraho_temples_016,khajuraho_temples_016_2d64b4f8.jpg,Khajuraho Temples,File:20120303 zoophilia Lakshmana Temple Khajuraho India (panoramic version).jpg,https://commons.wikimedia.org/wiki/File:20120303_zoophilia_Lakshmana_Temple_Khajuraho_India_(panoramic_version).jpg,https://upload.wikimedia.org/wikipedia/commons/thumb/c/cb/20120303_zoophilia_Lakshmana_Temple_Khajuraho_India_%28panoramic_version%29.jpg/1280px-20120303_zoophilia_Lakshmana_Temple_Khajuraho_India_%28panoramic_version%29.jpg,4204,2278,2013-01-21T10:33:08Z,CC BY-SA 3.0,2026-02-28T00:48:50.999944
khajuraho_temples_017,khajuraho_temples_017_9c51d705.jpg,Khajuraho Temples,File:20120303 zoophilia Lakshmana Temple Khajuraho India (panoramic version).jpg,https://commons.wikimedia.org/wiki/File:20120303_zoophilia_Lakshmana_Temple_Khajuraho_India_(panoramic_version).jpg,https://upload.wikimedia.org/wikipedia/commons/thumb/c/cb/20120303_zoophilia_Lakshmana_Temple_Khajuraho_India_%28panoramic_version%29.jpg/1280px-20120303_zoophilia_Lakshmana_Temple_Khajuraho_India_%28panoramic_version%29.jpg,4204,2278,2013-01-21T10:33:08Z,CC BY-SA 3.0,2026-02-28T00:48:50.999944
khajuraho_temples_018,khajuraho_temples_018_caccf051.jpg,Khajuraho Temples,File:20120303 zoophilia Lakshmana Temple Khajuraho India (panoramic version).jpg,https://commons.wikimedia.org/wiki/File:20120303_zoophilia_Lakshmana_Temple_Khajuraho_India_(panoramic_version).jpg,https://upload.wikimedia.org/wikipedia/commons/thumb/c/cb/20120303_zoophilia_Lakshmana_Temple_Khajuraho_India_%28panoramic_version%29.jpg/1280px-20120303_zoophilia_Lakshmana_Temple_Khajuraho_India_%28panoramic_version%29.jpg,4204,2278,2013-01-21T10:33:08Z,CC BY-SA 3.0,2026-02-28T00:48:50.999944
khajuraho_temples_019,khajuraho_temples_019_db6eb09b.jpg,Khajuraho Temples,File:20120303 zoophilia Lakshmana Temple Khajuraho India (panoramic version).jpg,https://commons.wikimedia.org/wiki/File:20120303_zoophilia_Lakshmana_Temple_Khajuraho_India_(panoramic_version).jpg,https://upload.wikimedia.org/wikipedia/commons/thumb/c/cb/20120303_zoophilia_Lakshmana_Temple_Khajuraho_India_%28panoramic_version%29.jpg/1280px-20120303_zoophilia_Lakshmana_Temple_Khajuraho_India_%28panoramic_version%29.jpg,4204,2278,2013-01-21T10:33:08Z,CC BY-SA 3.0,2026-02-28T00:48:50.999944
khajuraho_temples_020,khajuraho_temples_020_a6903286.jpg,Khajuraho Temples,File:20120303 zoophilia Lakshmana Temple Khajuraho India (panoramic version).jpg,https://commons.wikimedia.org/wiki/File:20120303_zoophilia_Lakshmana_Temple_Khajuraho_India_(panoramic_version).jpg,https://upload.wikimedia.org/wikipedia/commons/thumb/c/cb/20120303_zoophilia_Lakshmana_Temple_Khajuraho_India_%28panoramic_version%29.jpg/1280px-20120303_zoophilia_Lakshmana_Temple_Khajuraho_India_%28panoramic_version%29.jpg,4204,2278,2013-01-21T10:33:08Z,CC BY-SA 3.0,2026-02-28T00:48:50.999944
khajuraho_temples_021,khajuraho_temples_021_80695f06.jpg,Khajuraho Temples,File:20120303 zoophilia Lakshmana Temple Khajuraho India (panoramic version).jpg,https://commons.wikimedia.org/wiki/File:20120303_zoophilia_Lakshmana_Temple_Khajuraho_India_(panoramic_version).jpg,https://upload.wikimedia.org/wikipedia/commons/thumb/c/cb/20120303_zoophilia_Lakshmana_Temple_Khajuraho_India_%28panoramic_version%29.jpg/1280px-20120303_zoophilia_Lakshmana_Temple_Khajuraho_India_%28panoramic_version%29.jpg,4204,2278,2013-01-21T10:33:08Z,CC BY-SA 3.0,2026-02-28T00:48:50.999944
khajuraho_temples_022,khajuraho_temples_022_522509a7.jpg,Khajuraho Temples,File:20120303 zoophilia Lakshmana Temple Khajuraho India (panoramic version).jpg,https://commons.wikimedia.org/wiki/File:20120303_zoophilia_Lakshmana_Temple_Khajuraho_India_(panoramic_version).jpg,https://upload.wikimedia.org/wikipedia/commons/thumb/c/cb/20120303_zoophilia_Lakshmana_Temple_Khajuraho_India_%28panoramic_version%29.jpg/1280px-20120303_zoophilia_Lakshmana_Temple_Khajuraho_India_%28panoramic_version%29.jpg,4204,2278,2013-01-21T10:33:08Z,CC BY-SA 3.0,2026-02-28T00:48:50.999944
mahabalipuram_monuments_001,mahabalipuram_monuments_001_213b1862.jpg,Mahabalipuram Monuments,File:4 scenes at Mahabalipuram monuments 2.jpg,https://commons.wikimedia.org/wiki/File:4_scenes_at_Mahabalipuram_monuments_2.jpg,https://upload.wikimedia.org/wikipedia/commons/thumb/7/75/4_scenes_at_Mahabalipuram_monuments_2.jpg/1280px-4_scenes_at_Mahabalipuram_monuments_2.jpg,4000,2461,2017-11-03T20:49:04Z,CC BY-SA 4.0,2026-02-28T00:49:26.633987
mahabalipuram_monuments_002,mahabalipuram_monuments_002_34949130.jpg,Mahabalipuram Monuments,File:4 scenes at Mahabalipuram monuments 2.jpg,https://commons.wikimedia.org/wiki/File:4_scenes_at_Mahabalipuram_monuments_2.jpg,https://upload.wikimedia.org/wikipedia/commons/thumb/7/75/4_scenes_at_Mahabalipuram_monuments_2.jpg/1280px-4_scenes_at_Mahabalipuram_monuments_2.jpg,4000,2461,2017-11-03T20:49:04Z,CC BY-SA 4.0,2026-02-28T00:49:26.633987
mahabalipuram_monuments_003,mahabalipuram_monuments_003_49b970bb.jpg,Mahabalipuram Monuments,File:4 scenes at Mahabalipuram monuments 2.jpg,https://commons.wikimedia.org/wiki/File:4_scenes_at_Mahabalipuram_monuments_2.jpg,https://upload.wikimedia.org/wikipedia/commons/thumb/7/75/4_scenes_at_Mahabalipuram_monuments_2.jpg/1280px-4_scenes_at_Mahabalipuram_monuments_2.jpg,4000,2461,2017-11-03T20:49:04Z,CC BY-SA 4.0,2026-02-28T00:49:26.633987
mahabalipuram_monuments_004,mahabalipuram_monuments_004_972fd795.jpg,Mahabalipuram Monuments,File:4 scenes at Mahabalipuram monuments 2.jpg,https://commons.wikimedia.org/wiki/File:4_scenes_at_Mahabalipuram_monuments_2.jpg,https://upload.wikimedia.org/wikipedia/commons/thumb/7/75/4_scenes_at_Mahabalipuram_monuments_2.jpg/1280px-4_scenes_at_Mahabalipuram_monuments_2.jpg,4000,2461,2017-11-03T20:49:04Z,CC BY-SA 4.0,2026-02-28T00:49:26.633987
mahabalipuram_monuments_005,mahabalipuram_monuments_005_f143e9ba.jpg,Mahabalipuram Monuments,File:4 scenes at Mahabalipuram monuments 2.jpg,https://commons.wikimedia.org/wiki/File:4_scenes_at_Mahabalipuram_monuments_2.jpg,https://upload.wikimedia.org/wikipedia/commons/thumb/7/75/4_scenes_at_Mahabalipuram_monuments_2.jpg/1280px-4_scenes_at_Mahabalipuram_monuments_2.jpg,4000,2461,2017-11-03T20:49:04Z,CC BY-SA 4.0,2026-02-28T00:49:26.633987
mahabalipuram_monuments_006,mahabalipuram_monuments_006_56cc62c3.jpg,Mahabalipuram Monuments,File:4 scenes at Mahabalipuram monuments 2.jpg,https://commons.wikimedia.org/wiki/File:4_scenes_at_Mahabalipuram_monuments_2.jpg,https://upload.wikimedia.org/wikipedia/commons/thumb/7/75/4_scenes_at_Mahabalipuram_monuments_2.jpg/1280px-4_scenes_at_Mahabalipuram_monuments_2.jpg,4000,2461,2017-11-03T20:49:04Z,CC BY-SA 4.0,2026-02-28T00:49:26.633987
mahabalipuram_monuments_007,mahabalipuram_monuments_007_59224c9b.jpg,Mahabalipuram Monuments,File:4 scenes at Mahabalipuram monuments 2.jpg,https://commons.wikimedia.org/wiki/File:4_scenes_at_Mahabalipuram_monuments_2.jpg,https://upload.wikimedia.org/wikipedia/commons/thumb/7/75/4_scenes_at_Mahabalipuram_monuments_2.jpg/1280px-4_scenes_at_Mahabalipuram_monuments_2.jpg,4000,2461,2017-11-03T20:49:04Z,CC BY-SA 4.0,2026-02-28T00:49:26.633987
mahabalipuram_monuments_008,mahabalipuram_monuments_008_8b6a90a1.jpg,Mahabalipuram Monuments,File:4 scenes at Mahabalipuram monuments 2.jpg,https://commons.wikimedia.org/wiki/File:4_scenes_at_Mahabalipuram_monuments_2.jpg,https://upload.wikimedia.org/wikipedia/commons/thumb/7/75/4_scenes_at_Mahabalipuram_monuments_2.jpg/1280px-4_scenes_at_Mahabalipuram_monuments_2.jpg,4000,2461,2017-11-03T20:49:04Z,CC BY-SA 4.0,2026-02-28T00:49:26.633987
mahabalipuram_monuments_009,mahabalipuram_monuments_009_d789a91e.jpg,Mahabalipuram Monuments,File:4 scenes at Mahabalipuram monuments 2.jpg,https://commons.wikimedia.org/wiki/File:4_scenes_at_Mahabalipuram_monuments_2.jpg,https://upload.wikimedia.org/wikipedia/commons/thumb/7/75/4_scenes_at_Mahabalipuram_monuments_2.jpg/1280px-4_scenes_at_Mahabalipuram_monuments_2.jpg,4000,2461,2017-11-03T20:49:04Z,CC BY-SA 4.0,2026-02-28T00:49:26.633987
mahabalipuram_monuments_010,mahabalipuram_monuments_010_d9174827.jpg,Mahabalipuram Monuments,File:4 scenes at Mahabalipuram monuments 2.jpg,https://commons.wikimedia.org/wiki/File:4_scenes_at_Mahabalipuram_monuments_2.jpg,https://upload.wikimedia.org/wikipedia/commons/thumb/7/75/4_scenes_at_Mahabalipuram_monuments_2.jpg/1280px-4_scenes_at_Mahabalipuram_monuments_2.jpg,4000,2461,2017-11-03T20:49:04Z,CC BY-SA 4.0,2026-02-28T00:49:26.633987
mahabalipuram_monuments_011,mahabalipuram_monuments_011_b76fe075.jpg,Mahabalipuram Monuments,File:4 scenes at Mahabalipuram monuments 2.jpg,https://commons.wikimedia.org/wiki/File:4_scenes_at_Mahabalipuram_monuments_2.jpg,https://upload.wikimedia.org/wikipedia/commons/thumb/7/75/4_scenes_at_Mahabalipuram_monuments_2.jpg/1280px-4_scenes_at_Mahabalipuram_monuments_2.jpg,4000,2461,2017-11-03T20:49:04Z,CC BY-SA 4.0,2026-02-28T00:49:26.633987
mahabalipuram_monuments_012,mahabalipuram_monuments_012_a407d33f.jpg,Mahabalipuram Monuments,File:4 scenes at Mahabalipuram monuments 2.jpg,https://commons.wikimedia.org/wiki/File:4_scenes_at_Mahabalipuram_monuments_2.jpg,https://upload.wikimedia.org/wikipedia/commons/thumb/7/75/4_scenes_at_Mahabalipuram_monuments_2.jpg/1280px-4_scenes_at_Mahabalipuram_monuments_2.jpg,4000,2461,2017-11-03T20:49:04Z,CC BY-SA 4.0,2026-02-28T00:49:26.633987
mahabalipuram_monuments_013,mahabalipuram_monuments_013_f5790615.jpg,Mahabalipuram Monuments,File:4 scenes at Mahabalipuram monuments 2.jpg,https://commons.wikimedia.org/wiki/File:4_scenes_at_Mahabalipuram_monuments_2.jpg,https://upload.wikimedia.org/wikipedia/commons/thumb/7/75/4_scenes_at_Mahabalipuram_monuments_2.jpg/1280px-4_scenes_at_Mahabalipuram_monuments_2.jpg,4000,2461,2017-11-03T20:49:04Z,CC BY-SA 4.0,2026-02-28T00:49:26.633987
mahabalipuram_monuments_014,mahabalipuram_monuments_014_92b9a22d.jpg,Mahabalipuram Monuments,File:4 scenes at Mahabalipuram monuments 2.jpg,https://commons.wikimedia.org/wiki/File:4_scenes_at_Mahabalipuram_monuments_2.jpg,https://upload.wikimedia.org/wikipedia/commons/thumb/7/75/4_scenes_at_Mahabalipuram_monuments_2.jpg/1280px-4_scenes_at_Mahabalipuram_monuments_2.jpg,4000,2461,2017-11-03T20:49:04Z,CC BY-SA 4.0,2026-02-28T00:49:26.633987
mahabalipuram_monuments_015,mahabalipuram_monuments_015_b8c61aaa.jpg,Mahabalipuram Monuments,File:4 scenes at Mahabalipuram monuments 2.jpg,https://commons.wikimedia.org/wiki/File:4_scenes_at_Mahabalipuram_monuments_2.jpg,https://upload.wikimedia.org/wikipedia/commons/thumb/7/75/4_scenes_at_Mahabalipuram_monuments_2.jpg/1280px-4_scenes_at_Mahabalipuram_monuments_2.jpg,4000,2461,2017-11-03T20:49:04Z,CC BY-SA 4.0,2026-02-28T00:49:26.633987
mahabalipuram_monuments_016,mahabalipuram_monuments_016_62194e35.jpg,Mahabalipuram Monuments,File:4 scenes at Mahabalipuram monuments 2.jpg,https://commons.wikimedia.org/wiki/File:4_scenes_at_Mahabalipuram_monuments_2.jpg,https://upload.wikimedia.org/wikipedia/commons/thumb/7/75/4_scenes_at_Mahabalipuram_monuments_2.jpg/1280px-4_scenes_at_Mahabalipuram_monuments_2.jpg,4000,2461,2017-11-03T20:49:04Z,CC BY-SA 4.0,2026-02-28T00:49:26.633987
mahabalipuram_monuments_017,mahabalipuram_monuments_017_3b248f10.jpg,Mahabalipuram Monuments,File:4 scenes at Mahabalipuram monuments 2.jpg,https://commons.wikimedia.org/wiki/File:4_scenes_at_Mahabalipuram_monuments_2.jpg,https://upload.wikimedia.org/wikipedia/commons/thumb/7/75/4_scenes_at_Mahabalipuram_monuments_2.jpg/1280px-4_scenes_at_Mahabalipuram_monuments_2.jpg,4000,2461,2017-11-03T20:49:04Z,CC BY-SA 4.0,2026-02-28T00:49:26.633987
mahabalipuram_monuments_018,mahabalipuram_monuments_018_2ed301c2.jpg,Mahabalipuram Monuments,File:4 scenes at Mahabalipuram monuments 2.jpg,https://commons.wikimedia.org/wiki/File:4_scenes_at_Mahabalipuram_monuments_2.jpg,https://upload.wikimedia.org/wikipedia/commons/thumb/7/75/4_scenes_at_Mahabalipuram_monuments_2.jpg/1280px-4_scenes_at_Mahabalipuram_monuments_2.jpg,4000,2461,2017-11-03T20:49:04Z,CC BY-SA 4.0,2026-02-28T00:49:26.633987
mahabalipuram_monuments_019,mahabalipuram_monuments_019_368ff38c.jpg,Mahabalipuram Monuments,File:4 scenes at Mahabalipuram monuments 2.jpg,https://commons.wikimedia.org/wiki/File:4_scenes_at_Mahabalipuram_monuments_2.jpg,https://upload.wikimedia.org/wikipedia/commons/thumb/7/75/4_scenes_at_Mahabalipuram_monuments_2.jpg/1280px-4_scenes_at_Mahabalipuram_monuments_2.jpg,4000,2461,2017-11-03T20:49:04Z,CC BY-SA 4.0,2026-02-28T00:49:26.633987
fatehpur_sikri_001,fatehpur_sikri_001_becde153.jpg,Fatehpur Sikri,File:Buland Darwaza - Fatehpur Sikri - Uttar Pradesh - 002.jpg,https://commons.wikimedia.org/wiki/File:Buland_Darwaza_-_Fatehpur_Sikri_-_Uttar_Pradesh_-_002.jpg,https://upload.wikimedia.org/wikipedia/commons/thumb/1/11/Buland_Darwaza_-_Fatehpur_Sikri_-_Uttar_Pradesh_-_002.jpg/1280px-Buland_Darwaza_-_Fatehpur_Sikri_-_Uttar_Pradesh_-_002.jpg,2783,3768,2020-09-04T11:45:01Z,CC BY-SA 4.0,2026-02-28T00:50:13.921663
fatehpur_sikri_002,fatehpur_sikri_002_6ac653aa.jpg,Fatehpur Sikri,File:Buland Darwaza - Fatehpur Sikri - Uttar Pradesh - 002.jpg,https://commons.wikimedia.org/wiki/File:Buland_Darwaza_-_Fatehpur_Sikri_-_Uttar_Pradesh_-_002.jpg,https://upload.wikimedia.org/wikipedia/commons/thumb/1/11/Buland_Darwaza_-_Fatehpur_Sikri_-_Uttar_Pradesh_-_002.jpg/1280px-Buland_Darwaza_-_Fatehpur_Sikri_-_Uttar_Pradesh_-_002.jpg,2783,3768,2020-09-04T11:45:01Z,CC BY-SA 4.0,2026-02-28T00:50:13.921663
fatehpur_sikri_003,fatehpur_sikri_003_d0b5a00c.jpg,Fatehpur Sikri,File:Buland Darwaza - Fatehpur Sikri - Uttar Pradesh - 002.jpg,https://commons.wikimedia.org/wiki/File:Buland_Darwaza_-_Fatehpur_Sikri_-_Uttar_Pradesh_-_002.jpg,https://upload.wikimedia.org/wikipedia/commons/thumb/1/11/Buland_Darwaza_-_Fatehpur_Sikri_-_Uttar_Pradesh_-_002.jpg/1280px-Buland_Darwaza_-_Fatehpur_Sikri_-_Uttar_Pradesh_-_002.jpg,2783,3768,2020-09-04T11:45:01Z,CC BY-SA 4.0,2026-02-28T00:50:13.921663
fatehpur_sikri_004,fatehpur_sikri_004_0c87c64d.jpg,Fatehpur Sikri,File:Buland Darwaza - Fatehpur Sikri - Uttar Pradesh - 002.jpg,https://commons.wikimedia.org/wiki/File:Buland_Darwaza_-_Fatehpur_Sikri_-_Uttar_Pradesh_-_002.jpg,https://upload.wikimedia.org/wikipedia/commons/thumb/1/11/Buland_Darwaza_-_Fatehpur_Sikri_-_Uttar_Pradesh_-_002.jpg/1280px-Buland_Darwaza_-_Fatehpur_Sikri_-_Uttar_Pradesh_-_002.jpg,2783,3768,2020-09-04T11:45:01Z,CC BY-SA 4.0,2026-02-28T00:50:13.921663
fatehpur_sikri_005,fatehpur_sikri_005_4738942e.jpg,Fatehpur Sikri,File:Buland Darwaza - Fatehpur Sikri - Uttar Pradesh - 002.jpg,https://commons.wikimedia.org/wiki/File:Buland_Darwaza_-_Fatehpur_Sikri_-_Uttar_Pradesh_-_002.jpg,https://upload.wikimedia.org/wikipedia/commons/thumb/1/11/Buland_Darwaza_-_Fatehpur_Sikri_-_Uttar_Pradesh_-_002.jpg/1280px-Buland_Darwaza_-_Fatehpur_Sikri_-_Uttar_Pradesh_-_002.jpg,2783,3768,2020-09-04T11:45:01Z,CC BY-SA 4.0,2026-02-28T00:50:13.921663
fatehpur_sikri_006,fatehpur_sikri_006_3859fa14.jpg,Fatehpur Sikri,File:Buland Darwaza - Fatehpur Sikri - Uttar Pradesh - 002.jpg,https://commons.wikimedia.org/wiki/File:Buland_Darwaza_-_Fatehpur_Sikri_-_Uttar_Pradesh_-_002.jpg,https://upload.wikimedia.org/wikipedia/commons/thumb/1/11/Buland_Darwaza_-_Fatehpur_Sikri_-_Uttar_Pradesh_-_002.jpg/1280px-Buland_Darwaza_-_Fatehpur_Sikri_-_Uttar_Pradesh_-_002.jpg,2783,3768,2020-09-04T11:45:01Z,CC BY-SA 4.0,2026-02-28T00:50:13.921663
fatehpur_sikri_007,fatehpur_sikri_007_67f44337.jpg,Fatehpur Sikri,File:Buland Darwaza - Fatehpur Sikri - Uttar Pradesh - 002.jpg,https://commons.wikimedia.org/wiki/File:Buland_Darwaza_-_Fatehpur_Sikri_-_Uttar_Pradesh_-_002.jpg,https://upload.wikimedia.org/wikipedia/commons/thumb/1/11/Buland_Darwaza_-_Fatehpur_Sikri_-_Uttar_Pradesh_-_002.jpg/1280px-Buland_Darwaza_-_Fatehpur_Sikri_-_Uttar_Pradesh_-_002.jpg,2783,3768,2020-09-04T11:45:01Z,CC BY-SA 4.0,2026-02-28T00:50:13.921663
fatehpur_sikri_008,fatehpur_sikri_008_e4cf5c65.jpg,Fatehpur Sikri,File:Buland Darwaza - Fatehpur Sikri - Uttar Pradesh - 002.jpg,https://commons.wikimedia.org/wiki/File:Buland_Darwaza_-_Fatehpur_Sikri_-_Uttar_Pradesh_-_002.jpg,https://upload.wikimedia.org/wikipedia/commons/thumb/1/11/Buland_Darwaza_-_Fatehpur_Sikri_-_Uttar_Pradesh_-_002.jpg/1280px-Buland_Darwaza_-_Fatehpur_Sikri_-_Uttar_Pradesh_-_002.jpg,2783,3768,2020-09-04T11:45:01Z,CC BY-SA 4.0,2026-02-28T00:50:13.921663
fatehpur_sikri_009,fatehpur_sikri_009_b583a0ae.jpg,Fatehpur Sikri,File:Buland Darwaza - Fatehpur Sikri - Uttar Pradesh - 002.jpg,https://commons.wikimedia.org/wiki/File:Buland_Darwaza_-_Fatehpur_Sikri_-_Uttar_Pradesh_-_002.jpg,https://upload.wikimedia.org/wikipedia/commons/thumb/1/11/Buland_Darwaza_-_Fatehpur_Sikri_-_Uttar_Pradesh_-_002.jpg/1280px-Buland_Darwaza_-_Fatehpur_Sikri_-_Uttar_Pradesh_-_002.jpg,2783,3768,2020-09-04T11:45:01Z,CC BY-SA 4.0,2026-02-28T00:50:13.921663
fatehpur_sikri_010,fatehpur_sikri_010_30726c4c.jpg,Fatehpur Sikri,File:Buland Darwaza - Fatehpur Sikri - Uttar Pradesh - 002.jpg,https://commons.wikimedia.org/wiki/File:Buland_Darwaza_-_Fatehpur_Sikri_-_Uttar_Pradesh_-_002.jpg,https://upload.wikimedia.org/wikipedia/commons/thumb/1/11/Buland_Darwaza_-_Fatehpur_Sikri_-_Uttar_Pradesh_-_002.jpg/1280px-Buland_Darwaza_-_Fatehpur_Sikri_-_Uttar_Pradesh_-_002.jpg,2783,3768,2020-09-04T11:45:01Z,CC BY-SA 4.0,2026-02-28T00:50:13.921663
fatehpur_sikri_011,fatehpur_sikri_011_7c4146dc.jpg,Fatehpur Sikri,File:Buland Darwaza - Fatehpur Sikri - Uttar Pradesh - 002.jpg,https://commons.wikimedia.org/wiki/File:Buland_Darwaza_-_Fatehpur_Sikri_-_Uttar_Pradesh_-_002.jpg,https://upload.wikimedia.org/wikipedia/commons/thumb/1/11/Buland_Darwaza_-_Fatehpur_Sikri_-_Uttar_Pradesh_-_002.jpg/1280px-Buland_Darwaza_-_Fatehpur_Sikri_-_Uttar_Pradesh_-_002.jpg,2783,3768,2020-09-04T11:45:01Z,CC BY-SA 4.0,2026-02-28T00:50:13.921663
fatehpur_sikri_012,fatehpur_sikri_012_577cc963.jpg,Fatehpur Sikri,File:Buland Darwaza - Fatehpur Sikri - Uttar Pradesh - 002.jpg,https://commons.wikimedia.org/wiki/File:Buland_Darwaza_-_Fatehpur_Sikri_-_Uttar_Pradesh_-_002.jpg,https://upload.wikimedia.org/wikipedia/commons/thumb/1/11/Buland_Darwaza_-_Fatehpur_Sikri_-_Uttar_Pradesh_-_002.jpg/1280px-Buland_Darwaza_-_Fatehpur_Sikri_-_Uttar_Pradesh_-_002.jpg,2783,3768,2020-09-04T11:45:01Z,CC BY-SA 4.0,2026-02-28T00:50:13.921663
fatehpur_sikri_013,fatehpur_sikri_013_0fc6032e.jpg,Fatehpur Sikri,File:Buland Darwaza - Fatehpur Sikri - Uttar Pradesh - 002.jpg,https://commons.wikimedia.org/wiki/File:Buland_Darwaza_-_Fatehpur_Sikri_-_Uttar_Pradesh_-_002.jpg,https://upload.wikimedia.org/wikipedia/commons/thumb/1/11/Buland_Darwaza_-_Fatehpur_Sikri_-_Uttar_Pradesh_-_002.jpg/1280px-Buland_Darwaza_-_Fatehpur_Sikri_-_Uttar_Pradesh_-_002.jpg,2783,3768,2020-09-04T11:45:01Z,CC BY-SA 4.0,2026-02-28T00:50:13.921663
fatehpur_sikri_014,fatehpur_sikri_014_bec356a9.jpg,Fatehpur Sikri,File:Buland Darwaza - Fatehpur Sikri - Uttar Pradesh - 002.jpg,https://commons.wikimedia.org/wiki/File:Buland_Darwaza_-_Fatehpur_Sikri_-_Uttar_Pradesh_-_002.jpg,https://upload.wikimedia.org/wikipedia/commons/thumb/1/11/Buland_Darwaza_-_Fatehpur_Sikri_-_Uttar_Pradesh_-_002.jpg/1280px-Buland_Darwaza_-_Fatehpur_Sikri_-_Uttar_Pradesh_-_002.jpg,2783,3768,2020-09-04T11:45:01Z,CC BY-SA 4.0,2026-02-28T00:50:13.921663
fatehpur_sikri_015,fatehpur_sikri_015_b3498689.jpg,Fatehpur Sikri,File:Buland Darwaza - Fatehpur Sikri - Uttar Pradesh - 002.jpg,https://commons.wikimedia.org/wiki/File:Buland_Darwaza_-_Fatehpur_Sikri_-_Uttar_Pradesh_-_002.jpg,https://upload.wikimedia.org/wikipedia/commons/thumb/1/11/Buland_Darwaza_-_Fatehpur_Sikri_-_Uttar_Pradesh_-_002.jpg/1280px-Buland_Darwaza_-_Fatehpur_Sikri_-_Uttar_Pradesh_-_002.jpg,2783,3768,2020-09-04T11:45:01Z,CC BY-SA 4.0,2026-02-28T00:50:13.921663
sanchi_stupa_001,sanchi_stupa_001_641854a0.jpg,Sanchi Stupa,File:Ashoka’s Pillar at Sanchi Stup (2).jpg,https://commons.wikimedia.org/wiki/File:Ashoka%E2%80%99s_Pillar_at_Sanchi_Stup_(2).jpg,https://upload.wikimedia.org/wikipedia/commons/thumb/c/c3/Ashoka%E2%80%99s_Pillar_at_Sanchi_Stup_%282%29.jpg/1280px-Ashoka%E2%80%99s_Pillar_at_Sanchi_Stup_%282%29.jpg,2275,3413,2016-09-04T09:47:08Z,CC BY-SA 4.0,2026-02-28T00:50:55.041864
sanchi_stupa_002,sanchi_stupa_002_594be805.jpg,Sanchi Stupa,File:Ashoka’s Pillar at Sanchi Stup (2).jpg,https://commons.wikimedia.org/wiki/File:Ashoka%E2%80%99s_Pillar_at_Sanchi_Stup_(2).jpg,https://upload.wikimedia.org/wikipedia/commons/thumb/c/c3/Ashoka%E2%80%99s_Pillar_at_Sanchi_Stup_%282%29.jpg/1280px-Ashoka%E2%80%99s_Pillar_at_Sanchi_Stup_%282%29.jpg,2275,3413,2016-09-04T09:47:08Z,CC BY-SA 4.0,2026-02-28T00:50:55.041864
sanchi_stupa_003,sanchi_stupa_003_03f8dfda.jpg,Sanchi Stupa,File:Ashoka’s Pillar at Sanchi Stup (2).jpg,https://commons.wikimedia.org/wiki/File:Ashoka%E2%80%99s_Pillar_at_Sanchi_Stup_(2).jpg,https://upload.wikimedia.org/wikipedia/commons/thumb/c/c3/Ashoka%E2%80%99s_Pillar_at_Sanchi_Stup_%282%29.jpg/1280px-Ashoka%E2%80%99s_Pillar_at_Sanchi_Stup_%282%29.jpg,2275,3413,2016-09-04T09:47:08Z,CC BY-SA 4.0,2026-02-28T00:50:55.041864
sanchi_stupa_004,sanchi_stupa_004_7d376aee.jpg,Sanchi Stupa,File:Ashoka’s Pillar at Sanchi Stup (2).jpg,https://commons.wikimedia.org/wiki/File:Ashoka%E2%80%99s_Pillar_at_Sanchi_Stup_(2).jpg,https://upload.wikimedia.org/wikipedia/commons/thumb/c/c3/Ashoka%E2%80%99s_Pillar_at_Sanchi_Stup_%282%29.jpg/1280px-Ashoka%E2%80%99s_Pillar_at_Sanchi_Stup_%282%29.jpg,2275,3413,2016-09-04T09:47:08Z,CC BY-SA 4.0,2026-02-28T00:50:55.041864
sanchi_stupa_005,sanchi_stupa_005_3b1597f4.jpg,Sanchi Stupa,File:Ashoka’s Pillar at Sanchi Stup (2).jpg,https://commons.wikimedia.org/wiki/File:Ashoka%E2%80%99s_Pillar_at_Sanchi_Stup_(2).jpg,https://upload.wikimedia.org/wikipedia/commons/thumb/c/c3/Ashoka%E2%80%99s_Pillar_at_Sanchi_Stup_%282%29.jpg/1280px-Ashoka%E2%80%99s_Pillar_at_Sanchi_Stup_%282%29.jpg,2275,3413,2016-09-04T09:47:08Z,CC BY-SA 4.0,2026-02-28T00:50:55.041864
sanchi_stupa_006,sanchi_stupa_006_4f15d379.jpg,Sanchi Stupa,File:Ashoka’s Pillar at Sanchi Stup (2).jpg,https://commons.wikimedia.org/wiki/File:Ashoka%E2%80%99s_Pillar_at_Sanchi_Stup_(2).jpg,https://upload.wikimedia.org/wikipedia/commons/thumb/c/c3/Ashoka%E2%80%99s_Pillar_at_Sanchi_Stup_%282%29.jpg/1280px-Ashoka%E2%80%99s_Pillar_at_Sanchi_Stup_%282%29.jpg,2275,3413,2016-09-04T09:47:08Z,CC BY-SA 4.0,2026-02-28T00:50:55.041864
sanchi_stupa_007,sanchi_stupa_007_b98fcc34.jpg,Sanchi Stupa,File:Ashoka’s Pillar at Sanchi Stup (2).jpg,https://commons.wikimedia.org/wiki/File:Ashoka%E2%80%99s_Pillar_at_Sanchi_Stup_(2).jpg,https://upload.wikimedia.org/wikipedia/commons/thumb/c/c3/Ashoka%E2%80%99s_Pillar_at_Sanchi_Stup_%282%29.jpg/1280px-Ashoka%E2%80%99s_Pillar_at_Sanchi_Stup_%282%29.jpg,2275,3413,2016-09-04T09:47:08Z,CC BY-SA 4.0,2026-02-28T00:50:55.041864
sanchi_stupa_008,sanchi_stupa_008_e13917cd.jpg,Sanchi Stupa,File:Ashoka’s Pillar at Sanchi Stup (2).jpg,https://commons.wikimedia.org/wiki/File:Ashoka%E2%80%99s_Pillar_at_Sanchi_Stup_(2).jpg,https://upload.wikimedia.org/wikipedia/commons/thumb/c/c3/Ashoka%E2%80%99s_Pillar_at_Sanchi_Stup_%282%29.jpg/1280px-Ashoka%E2%80%99s_Pillar_at_Sanchi_Stup_%282%29.jpg,2275,3413,2016-09-04T09:47:08Z,CC BY-SA 4.0,2026-02-28T00:50:55.041864
sanchi_stupa_009,sanchi_stupa_009_0e015e15.jpg,Sanchi Stupa,File:Ashoka’s Pillar at Sanchi Stup (2).jpg,https://commons.wikimedia.org/wiki/File:Ashoka%E2%80%99s_Pillar_at_Sanchi_Stup_(2).jpg,https://upload.wikimedia.org/wikipedia/commons/thumb/c/c3/Ashoka%E2%80%99s_Pillar_at_Sanchi_Stup_%282%29.jpg/1280px-Ashoka%E2%80%99s_Pillar_at_Sanchi_Stup_%282%29.jpg,2275,3413,2016-09-04T09:47:08Z,CC BY-SA 4.0,2026-02-28T00:50:55.041864
sanchi_stupa_010,sanchi_stupa_010_584311f7.jpg,Sanchi Stupa,File:Ashoka’s Pillar at Sanchi Stup (2).jpg,https://commons.wikimedia.org/wiki/File:Ashoka%E2%80%99s_Pillar_at_Sanchi_Stup_(2).jpg,https://upload.wikimedia.org/wikipedia/commons/thumb/c/c3/Ashoka%E2%80%99s_Pillar_at_Sanchi_Stup_%282%29.jpg/1280px-Ashoka%E2%80%99s_Pillar_at_Sanchi_Stup_%282%29.jpg,2275,3413,2016-09-04T09:47:08Z,CC BY-SA 4.0,2026-02-28T00:50:55.041864
sanchi_stupa_011,sanchi_stupa_011_424ac24b.jpg,Sanchi Stupa,File:Ashoka’s Pillar at Sanchi Stup (2).jpg,https://commons.wikimedia.org/wiki/File:Ashoka%E2%80%99s_Pillar_at_Sanchi_Stup_(2).jpg,https://upload.wikimedia.org/wikipedia/commons/thumb/c/c3/Ashoka%E2%80%99s_Pillar_at_Sanchi_Stup_%282%29.jpg/1280px-Ashoka%E2%80%99s_Pillar_at_Sanchi_Stup_%282%29.jpg,2275,3413,2016-09-04T09:47:08Z,CC BY-SA 4.0,2026-02-28T00:50:55.041864
sanchi_stupa_012,sanchi_stupa_012_0294e697.jpg,Sanchi Stupa,File:Ashoka’s Pillar at Sanchi Stup (2).jpg,https://commons.wikimedia.org/wiki/File:Ashoka%E2%80%99s_Pillar_at_Sanchi_Stup_(2).jpg,https://upload.wikimedia.org/wikipedia/commons/thumb/c/c3/Ashoka%E2%80%99s_Pillar_at_Sanchi_Stup_%282%29.jpg/1280px-Ashoka%E2%80%99s_Pillar_at_Sanchi_Stup_%282%29.jpg,2275,3413,2016-09-04T09:47:08Z,CC BY-SA 4.0,2026-02-28T00:50:55.041864
sanchi_stupa_013,sanchi_stupa_013_7251a098.jpg,Sanchi Stupa,File:Ashoka’s Pillar at Sanchi Stup (2).jpg,https://commons.wikimedia.org/wiki/File:Ashoka%E2%80%99s_Pillar_at_Sanchi_Stup_(2).jpg,https://upload.wikimedia.org/wikipedia/commons/thumb/c/c3/Ashoka%E2%80%99s_Pillar_at_Sanchi_Stup_%282%29.jpg/1280px-Ashoka%E2%80%99s_Pillar_at_Sanchi_Stup_%282%29.jpg,2275,3413,2016-09-04T09:47:08Z,CC BY-SA 4.0,2026-02-28T00:50:55.041864
sanchi_stupa_014,sanchi_stupa_014_a4adc6e4.jpg,Sanchi Stupa,File:Ashoka’s Pillar at Sanchi Stup (2).jpg,https://commons.wikimedia.org/wiki/File:Ashoka%E2%80%99s_Pillar_at_Sanchi_Stup_(2).jpg,https://upload.wikimedia.org/wikipedia/commons/thumb/c/c3/Ashoka%E2%80%99s_Pillar_at_Sanchi_Stup_%282%29.jpg/1280px-Ashoka%E2%80%99s_Pillar_at_Sanchi_Stup_%282%29.jpg,2275,3413,2016-09-04T09:47:08Z,CC BY-SA 4.0,2026-02-28T00:50:55.041864
sanchi_stupa_015,sanchi_stupa_015_f21d4e0f.jpg,Sanchi Stupa,File:Ashoka’s Pillar at Sanchi Stup (2).jpg,https://commons.wikimedia.org/wiki/File:Ashoka%E2%80%99s_Pillar_at_Sanchi_Stup_(2).jpg,https://upload.wikimedia.org/wikipedia/commons/thumb/c/c3/Ashoka%E2%80%99s_Pillar_at_Sanchi_Stup_%282%29.jpg/1280px-Ashoka%E2%80%99s_Pillar_at_Sanchi_Stup_%282%29.jpg,2275,3413,2016-09-04T09:47:08Z,CC BY-SA 4.0,2026-02-28T00:50:55.041864
sanchi_stupa_016,sanchi_stupa_016_9beac3f6.jpg,Sanchi Stupa,File:Ashoka’s Pillar at Sanchi Stup (2).jpg,https://commons.wikimedia.org/wiki/File:Ashoka%E2%80%99s_Pillar_at_Sanchi_Stup_(2).jpg,https://upload.wikimedia.org/wikipedia/commons/thumb/c/c3/Ashoka%E2%80%99s_Pillar_at_Sanchi_Stup_%282%29.jpg/1280px-Ashoka%E2%80%99s_Pillar_at_Sanchi_Stup_%282%29.jpg,2275,3413,2016-09-04T09:47:08Z,CC BY-SA 4.0,2026-02-28T00:50:55.041864
golden_temple_amritsar_001,golden_temple_amritsar_001_15ccad0a.jpg,Golden Temple Amritsar,File:"Fakirs" meditating on the bank of the temple tank in the Golden Temple complex in Amritsar; by Underwood and Underwood; 1903.jpg,https://commons.wikimedia.org/wiki/File:%22Fakirs%22_meditating_on_the_bank_of_the_temple_tank_in_the_Golden_Temple_complex_in_Amritsar;_by_Underwood_and_Underwood;_1903.jpg,https://upload.wikimedia.org/wikipedia/commons/thumb/e/ed/%22Fakirs%22_meditating_on_the_bank_of_the_temple_tank_in_the_Golden_Temple_complex_in_Amritsar%2C_by_Underwood_and_Underwood%2C_1903.jpg/1280px-%22Fakirs%22_meditating_on_the_bank_of_the_temple_tank_in_the_Golden_Temple_complex_in_Amritsar%2C_by_Underwood_and_Underwood%2C_1903.jpg,1577,1600,2024-06-23T21:26:45Z,Public domain,2026-02-28T00:51:36.639471
golden_temple_amritsar_002,golden_temple_amritsar_002_a37c3eca.jpg,Golden Temple Amritsar,File:"Fakirs" meditating on the bank of the temple tank in the Golden Temple complex in Amritsar; by Underwood and Underwood; 1903.jpg,https://commons.wikimedia.org/wiki/File:%22Fakirs%22_meditating_on_the_bank_of_the_temple_tank_in_the_Golden_Temple_complex_in_Amritsar;_by_Underwood_and_Underwood;_1903.jpg,https://upload.wikimedia.org/wikipedia/commons/thumb/e/ed/%22Fakirs%22_meditating_on_the_bank_of_the_temple_tank_in_the_Golden_Temple_complex_in_Amritsar%2C_by_Underwood_and_Underwood%2C_1903.jpg/1280px-%22Fakirs%22_meditating_on_the_bank_of_the_temple_tank_in_the_Golden_Temple_complex_in_Amritsar%2C_by_Underwood_and_Underwood%2C_1903.jpg,1577,1600,2024-06-23T21:26:45Z,Public domain,2026-02-28T00:51:36.639471
golden_temple_amritsar_003,golden_temple_amritsar_003_4034b137.jpg,Golden Temple Amritsar,File:"Fakirs" meditating on the bank of the temple tank in the Golden Temple complex in Amritsar; by Underwood and Underwood; 1903.jpg,https://commons.wikimedia.org/wiki/File:%22Fakirs%22_meditating_on_the_bank_of_the_temple_tank_in_the_Golden_Temple_complex_in_Amritsar;_by_Underwood_and_Underwood;_1903.jpg,https://upload.wikimedia.org/wikipedia/commons/thumb/e/ed/%22Fakirs%22_meditating_on_the_bank_of_the_temple_tank_in_the_Golden_Temple_complex_in_Amritsar%2C_by_Underwood_and_Underwood%2C_1903.jpg/1280px-%22Fakirs%22_meditating_on_the_bank_of_the_temple_tank_in_the_Golden_Temple_complex_in_Amritsar%2C_by_Underwood_and_Underwood%2C_1903.jpg,1577,1600,2024-06-23T21:26:45Z,Public domain,2026-02-28T00:51:36.639471
golden_temple_amritsar_004,golden_temple_amritsar_004_ed20f7d1.jpg,Golden Temple Amritsar,File:"Fakirs" meditating on the bank of the temple tank in the Golden Temple complex in Amritsar; by Underwood and Underwood; 1903.jpg,https://commons.wikimedia.org/wiki/File:%22Fakirs%22_meditating_on_the_bank_of_the_temple_tank_in_the_Golden_Temple_complex_in_Amritsar;_by_Underwood_and_Underwood;_1903.jpg,https://upload.wikimedia.org/wikipedia/commons/thumb/e/ed/%22Fakirs%22_meditating_on_the_bank_of_the_temple_tank_in_the_Golden_Temple_complex_in_Amritsar%2C_by_Underwood_and_Underwood%2C_1903.jpg/1280px-%22Fakirs%22_meditating_on_the_bank_of_the_temple_tank_in_the_Golden_Temple_complex_in_Amritsar%2C_by_Underwood_and_Underwood%2C_1903.jpg,1577,1600,2024-06-23T21:26:45Z,Public domain,2026-02-28T00:51:36.639471
golden_temple_amritsar_005,golden_temple_amritsar_005_bd8580e5.jpg,Golden Temple Amritsar,File:"Fakirs" meditating on the bank of the temple tank in the Golden Temple complex in Amritsar; by Underwood and Underwood; 1903.jpg,https://commons.wikimedia.org/wiki/File:%22Fakirs%22_meditating_on_the_bank_of_the_temple_tank_in_the_Golden_Temple_complex_in_Amritsar;_by_Underwood_and_Underwood;_1903.jpg,https://upload.wikimedia.org/wikipedia/commons/thumb/e/ed/%22Fakirs%22_meditating_on_the_bank_of_the_temple_tank_in_the_Golden_Temple_complex_in_Amritsar%2C_by_Underwood_and_Underwood%2C_1903.jpg/1280px-%22Fakirs%22_meditating_on_the_bank_of_the_temple_tank_in_the_Golden_Temple_complex_in_Amritsar%2C_by_Underwood_and_Underwood%2C_1903.jpg,1577,1600,2024-06-23T21:26:45Z,Public domain,2026-02-28T00:51:36.639471
golden_temple_amritsar_006,golden_temple_amritsar_006_4acf0607.jpg,Golden Temple Amritsar,File:"Fakirs" meditating on the bank of the temple tank in the Golden Temple complex in Amritsar; by Underwood and Underwood; 1903.jpg,https://commons.wikimedia.org/wiki/File:%22Fakirs%22_meditating_on_the_bank_of_the_temple_tank_in_the_Golden_Temple_complex_in_Amritsar;_by_Underwood_and_Underwood;_1903.jpg,https://upload.wikimedia.org/wikipedia/commons/thumb/e/ed/%22Fakirs%22_meditating_on_the_bank_of_the_temple_tank_in_the_Golden_Temple_complex_in_Amritsar%2C_by_Underwood_and_Underwood%2C_1903.jpg/1280px-%22Fakirs%22_meditating_on_the_bank_of_the_temple_tank_in_the_Golden_Temple_complex_in_Amritsar%2C_by_Underwood_and_Underwood%2C_1903.jpg,1577,1600,2024-06-23T21:26:45Z,Public domain,2026-02-28T00:51:36.639471
golden_temple_amritsar_007,golden_temple_amritsar_007_2ef93810.jpg,Golden Temple Amritsar,File:"Fakirs" meditating on the bank of the temple tank in the Golden Temple complex in Amritsar; by Underwood and Underwood; 1903.jpg,https://commons.wikimedia.org/wiki/File:%22Fakirs%22_meditating_on_the_bank_of_the_temple_tank_in_the_Golden_Temple_complex_in_Amritsar;_by_Underwood_and_Underwood;_1903.jpg,https://upload.wikimedia.org/wikipedia/commons/thumb/e/ed/%22Fakirs%22_meditating_on_the_bank_of_the_temple_tank_in_the_Golden_Temple_complex_in_Amritsar%2C_by_Underwood_and_Underwood%2C_1903.jpg/1280px-%22Fakirs%22_meditating_on_the_bank_of_the_temple_tank_in_the_Golden_Temple_complex_in_Amritsar%2C_by_Underwood_and_Underwood%2C_1903.jpg,1577,1600,2024-06-23T21:26:45Z,Public domain,2026-02-28T00:51:36.639471
golden_temple_amritsar_008,golden_temple_amritsar_008_f68f2f78.jpg,Golden Temple Amritsar,File:"Fakirs" meditating on the bank of the temple tank in the Golden Temple complex in Amritsar; by Underwood and Underwood; 1903.jpg,https://commons.wikimedia.org/wiki/File:%22Fakirs%22_meditating_on_the_bank_of_the_temple_tank_in_the_Golden_Temple_complex_in_Amritsar;_by_Underwood_and_Underwood;_1903.jpg,https://upload.wikimedia.org/wikipedia/commons/thumb/e/ed/%22Fakirs%22_meditating_on_the_bank_of_the_temple_tank_in_the_Golden_Temple_complex_in_Amritsar%2C_by_Underwood_and_Underwood%2C_1903.jpg/1280px-%22Fakirs%22_meditating_on_the_bank_of_the_temple_tank_in_the_Golden_Temple_complex_in_Amritsar%2C_by_Underwood_and_Underwood%2C_1903.jpg,1577,1600,2024-06-23T21:26:45Z,Public domain,2026-02-28T00:51:36.639471
golden_temple_amritsar_009,golden_temple_amritsar_009_460d3a40.jpg,Golden Temple Amritsar,File:"Fakirs" meditating on the bank of the temple tank in the Golden Temple complex in Amritsar; by Underwood and Underwood; 1903.jpg,https://commons.wikimedia.org/wiki/File:%22Fakirs%22_meditating_on_the_bank_of_the_temple_tank_in_the_Golden_Temple_complex_in_Amritsar;_by_Underwood_and_Underwood;_1903.jpg,https://upload.wikimedia.org/wikipedia/commons/thumb/e/ed/%22Fakirs%22_meditating_on_the_bank_of_the_temple_tank_in_the_Golden_Temple_complex_in_Amritsar%2C_by_Underwood_and_Underwood%2C_1903.jpg/1280px-%22Fakirs%22_meditating_on_the_bank_of_the_temple_tank_in_the_Golden_Temple_complex_in_Amritsar%2C_by_Underwood_and_Underwood%2C_1903.jpg,1577,1600,2024-06-23T21:26:45Z,Public domain,2026-02-28T00:51:36.639471
golden_temple_amritsar_010,golden_temple_amritsar_010_0998211b.jpg,Golden Temple Amritsar,File:"Fakirs" meditating on the bank of the temple tank in the Golden Temple complex in Amritsar; by Underwood and Underwood; 1903.jpg,https://commons.wikimedia.org/wiki/File:%22Fakirs%22_meditating_on_the_bank_of_the_temple_tank_in_the_Golden_Temple_complex_in_Amritsar;_by_Underwood_and_Underwood;_1903.jpg,https://upload.wikimedia.org/wikipedia/commons/thumb/e/ed/%22Fakirs%22_meditating_on_the_bank_of_the_temple_tank_in_the_Golden_Temple_complex_in_Amritsar%2C_by_Underwood_and_Underwood%2C_1903.jpg/1280px-%22Fakirs%22_meditating_on_the_bank_of_the_temple_tank_in_the_Golden_Temple_complex_in_Amritsar%2C_by_Underwood_and_Underwood%2C_1903.jpg,1577,1600,2024-06-23T21:26:45Z,Public domain,2026-02-28T00:51:36.639471
golden_temple_amritsar_011,golden_temple_amritsar_011_d0bcc965.jpg,Golden Temple Amritsar,File:"Fakirs" meditating on the bank of the temple tank in the Golden Temple complex in Amritsar; by Underwood and Underwood; 1903.jpg,https://commons.wikimedia.org/wiki/File:%22Fakirs%22_meditating_on_the_bank_of_the_temple_tank_in_the_Golden_Temple_complex_in_Amritsar;_by_Underwood_and_Underwood;_1903.jpg,https://upload.wikimedia.org/wikipedia/commons/thumb/e/ed/%22Fakirs%22_meditating_on_the_bank_of_the_temple_tank_in_the_Golden_Temple_complex_in_Amritsar%2C_by_Underwood_and_Underwood%2C_1903.jpg/1280px-%22Fakirs%22_meditating_on_the_bank_of_the_temple_tank_in_the_Golden_Temple_complex_in_Amritsar%2C_by_Underwood_and_Underwood%2C_1903.jpg,1577,1600,2024-06-23T21:26:45Z,Public domain,2026-02-28T00:51:36.639471
golden_temple_amritsar_012,golden_temple_amritsar_012_3e904a1f.jpg,Golden Temple Amritsar,File:"Fakirs" meditating on the bank of the temple tank in the Golden Temple complex in Amritsar; by Underwood and Underwood; 1903.jpg,https://commons.wikimedia.org/wiki/File:%22Fakirs%22_meditating_on_the_bank_of_the_temple_tank_in_the_Golden_Temple_complex_in_Amritsar;_by_Underwood_and_Underwood;_1903.jpg,https://upload.wikimedia.org/wikipedia/commons/thumb/e/ed/%22Fakirs%22_meditating_on_the_bank_of_the_temple_tank_in_the_Golden_Temple_complex_in_Amritsar%2C_by_Underwood_and_Underwood%2C_1903.jpg/1280px-%22Fakirs%22_meditating_on_the_bank_of_the_temple_tank_in_the_Golden_Temple_complex_in_Amritsar%2C_by_Underwood_and_Underwood%2C_1903.jpg,1577,1600,2024-06-23T21:26:45Z,Public domain,2026-02-28T00:51:36.639471
golden_temple_amritsar_013,golden_temple_amritsar_013_e03fd49e.jpg,Golden Temple Amritsar,File:"Fakirs" meditating on the bank of the temple tank in the Golden Temple complex in Amritsar; by Underwood and Underwood; 1903.jpg,https://commons.wikimedia.org/wiki/File:%22Fakirs%22_meditating_on_the_bank_of_the_temple_tank_in_the_Golden_Temple_complex_in_Amritsar;_by_Underwood_and_Underwood;_1903.jpg,https://upload.wikimedia.org/wikipedia/commons/thumb/e/ed/%22Fakirs%22_meditating_on_the_bank_of_the_temple_tank_in_the_Golden_Temple_complex_in_Amritsar%2C_by_Underwood_and_Underwood%2C_1903.jpg/1280px-%22Fakirs%22_meditating_on_the_bank_of_the_temple_tank_in_the_Golden_Temple_complex_in_Amritsar%2C_by_Underwood_and_Underwood%2C_1903.jpg,1577,1600,2024-06-23T21:26:45Z,Public domain,2026-02-28T00:51:36.639471
golden_temple_amritsar_014,golden_temple_amritsar_014_de163e8b.jpg,Golden Temple Amritsar,File:"Fakirs" meditating on the bank of the temple tank in the Golden Temple complex in Amritsar; by Underwood and Underwood; 1903.jpg,https://commons.wikimedia.org/wiki/File:%22Fakirs%22_meditating_on_the_bank_of_the_temple_tank_in_the_Golden_Temple_complex_in_Amritsar;_by_Underwood_and_Underwood;_1903.jpg,https://upload.wikimedia.org/wikipedia/commons/thumb/e/ed/%22Fakirs%22_meditating_on_the_bank_of_the_temple_tank_in_the_Golden_Temple_complex_in_Amritsar%2C_by_Underwood_and_Underwood%2C_1903.jpg/1280px-%22Fakirs%22_meditating_on_the_bank_of_the_temple_tank_in_the_Golden_Temple_complex_in_Amritsar%2C_by_Underwood_and_Underwood%2C_1903.jpg,1577,1600,2024-06-23T21:26:45Z,Public domain,2026-02-28T00:51:36.639471
golden_temple_amritsar_015,golden_temple_amritsar_015_28a9153b.jpg,Golden Temple Amritsar,File:"Fakirs" meditating on the bank of the temple tank in the Golden Temple complex in Amritsar; by Underwood and Underwood; 1903.jpg,https://commons.wikimedia.org/wiki/File:%22Fakirs%22_meditating_on_the_bank_of_the_temple_tank_in_the_Golden_Temple_complex_in_Amritsar;_by_Underwood_and_Underwood;_1903.jpg,https://upload.wikimedia.org/wikipedia/commons/thumb/e/ed/%22Fakirs%22_meditating_on_the_bank_of_the_temple_tank_in_the_Golden_Temple_complex_in_Amritsar%2C_by_Underwood_and_Underwood%2C_1903.jpg/1280px-%22Fakirs%22_meditating_on_the_bank_of_the_temple_tank_in_the_Golden_Temple_complex_in_Amritsar%2C_by_Underwood_and_Underwood%2C_1903.jpg,1577,1600,2024-06-23T21:26:45Z,Public domain,2026-02-28T00:51:36.639471
golden_temple_amritsar_016,golden_temple_amritsar_016_d5cd939c.jpg,Golden Temple Amritsar,File:"Fakirs" meditating on the bank of the temple tank in the Golden Temple complex in Amritsar; by Underwood and Underwood; 1903.jpg,https://commons.wikimedia.org/wiki/File:%22Fakirs%22_meditating_on_the_bank_of_the_temple_tank_in_the_Golden_Temple_complex_in_Amritsar;_by_Underwood_and_Underwood;_1903.jpg,https://upload.wikimedia.org/wikipedia/commons/thumb/e/ed/%22Fakirs%22_meditating_on_the_bank_of_the_temple_tank_in_the_Golden_Temple_complex_in_Amritsar%2C_by_Underwood_and_Underwood%2C_1903.jpg/1280px-%22Fakirs%22_meditating_on_the_bank_of_the_temple_tank_in_the_Golden_Temple_complex_in_Amritsar%2C_by_Underwood_and_Underwood%2C_1903.jpg,1577,1600,2024-06-23T21:26:45Z,Public domain,2026-02-28T00:51:36.639471
golden_temple_amritsar_017,golden_temple_amritsar_017_7fdb1e38.jpg,Golden Temple Amritsar,File:"Fakirs" meditating on the bank of the temple tank in the Golden Temple complex in Amritsar; by Underwood and Underwood; 1903.jpg,https://commons.wikimedia.org/wiki/File:%22Fakirs%22_meditating_on_the_bank_of_the_temple_tank_in_the_Golden_Temple_complex_in_Amritsar;_by_Underwood_and_Underwood;_1903.jpg,https://upload.wikimedia.org/wikipedia/commons/thumb/e/ed/%22Fakirs%22_meditating_on_the_bank_of_the_temple_tank_in_the_Golden_Temple_complex_in_Amritsar%2C_by_Underwood_and_Underwood%2C_1903.jpg/1280px-%22Fakirs%22_meditating_on_the_bank_of_the_temple_tank_in_the_Golden_Temple_complex_in_Amritsar%2C_by_Underwood_and_Underwood%2C_1903.jpg,1577,1600,2024-06-23T21:26:45Z,Public domain,2026-02-28T00:51:36.639471
golden_temple_amritsar_018,golden_temple_amritsar_018_8119d451.jpg,Golden Temple Amritsar,File:"Fakirs" meditating on the bank of the temple tank in the Golden Temple complex in Amritsar; by Underwood and Underwood; 1903.jpg,https://commons.wikimedia.org/wiki/File:%22Fakirs%22_meditating_on_the_bank_of_the_temple_tank_in_the_Golden_Temple_complex_in_Amritsar;_by_Underwood_and_Underwood;_1903.jpg,https://upload.wikimedia.org/wikipedia/commons/thumb/e/ed/%22Fakirs%22_meditating_on_the_bank_of_the_temple_tank_in_the_Golden_Temple_complex_in_Amritsar%2C_by_Underwood_and_Underwood%2C_1903.jpg/1280px-%22Fakirs%22_meditating_on_the_bank_of_the_temple_tank_in_the_Golden_Temple_complex_in_Amritsar%2C_by_Underwood_and_Underwood%2C_1903.jpg,1577,1600,2024-06-23T21:26:45Z,Public domain,2026-02-28T00:51:36.639471
golden_temple_amritsar_019,golden_temple_amritsar_019_2b64b92e.jpg,Golden Temple Amritsar,File:"Fakirs" meditating on the bank of the temple tank in the Golden Temple complex in Amritsar; by Underwood and Underwood; 1903.jpg,https://commons.wikimedia.org/wiki/File:%22Fakirs%22_meditating_on_the_bank_of_the_temple_tank_in_the_Golden_Temple_complex_in_Amritsar;_by_Underwood_and_Underwood;_1903.jpg,https://upload.wikimedia.org/wikipedia/commons/thumb/e/ed/%22Fakirs%22_meditating_on_the_bank_of_the_temple_tank_in_the_Golden_Temple_complex_in_Amritsar%2C_by_Underwood_and_Underwood%2C_1903.jpg/1280px-%22Fakirs%22_meditating_on_the_bank_of_the_temple_tank_in_the_Golden_Temple_complex_in_Amritsar%2C_by_Underwood_and_Underwood%2C_1903.jpg,1577,1600,2024-06-23T21:26:45Z,Public domain,2026-02-28T00:51:36.639471
golden_temple_amritsar_020,golden_temple_amritsar_020_92e8d069.jpg,Golden Temple Amritsar,File:"Fakirs" meditating on the bank of the temple tank in the Golden Temple complex in Amritsar; by Underwood and Underwood; 1903.jpg,https://commons.wikimedia.org/wiki/File:%22Fakirs%22_meditating_on_the_bank_of_the_temple_tank_in_the_Golden_Temple_complex_in_Amritsar;_by_Underwood_and_Underwood;_1903.jpg,https://upload.wikimedia.org/wikipedia/commons/thumb/e/ed/%22Fakirs%22_meditating_on_the_bank_of_the_temple_tank_in_the_Golden_Temple_complex_in_Amritsar%2C_by_Underwood_and_Underwood%2C_1903.jpg/1280px-%22Fakirs%22_meditating_on_the_bank_of_the_temple_tank_in_the_Golden_Temple_complex_in_Amritsar%2C_by_Underwood_and_Underwood%2C_1903.jpg,1577,1600,2024-06-23T21:26:45Z,Public domain,2026-02-28T00:51:36.639471
golden_temple_amritsar_021,golden_temple_amritsar_021_fde08d8b.jpg,Golden Temple Amritsar,File:"Fakirs" meditating on the bank of the temple tank in the Golden Temple complex in Amritsar; by Underwood and Underwood; 1903.jpg,https://commons.wikimedia.org/wiki/File:%22Fakirs%22_meditating_on_the_bank_of_the_temple_tank_in_the_Golden_Temple_complex_in_Amritsar;_by_Underwood_and_Underwood;_1903.jpg,https://upload.wikimedia.org/wikipedia/commons/thumb/e/ed/%22Fakirs%22_meditating_on_the_bank_of_the_temple_tank_in_the_Golden_Temple_complex_in_Amritsar%2C_by_Underwood_and_Underwood%2C_1903.jpg/1280px-%22Fakirs%22_meditating_on_the_bank_of_the_temple_tank_in_the_Golden_Temple_complex_in_Amritsar%2C_by_Underwood_and_Underwood%2C_1903.jpg,1577,1600,2024-06-23T21:26:45Z,Public domain,2026-02-28T00:51:36.639471
golden_temple_amritsar_022,golden_temple_amritsar_022_6cd02b9a.jpg,Golden Temple Amritsar,File:"Fakirs" meditating on the bank of the temple tank in the Golden Temple complex in Amritsar; by Underwood and Underwood; 1903.jpg,https://commons.wikimedia.org/wiki/File:%22Fakirs%22_meditating_on_the_bank_of_the_temple_tank_in_the_Golden_Temple_complex_in_Amritsar;_by_Underwood_and_Underwood;_1903.jpg,https://upload.wikimedia.org/wikipedia/commons/thumb/e/ed/%22Fakirs%22_meditating_on_the_bank_of_the_temple_tank_in_the_Golden_Temple_complex_in_Amritsar%2C_by_Underwood_and_Underwood%2C_1903.jpg/1280px-%22Fakirs%22_meditating_on_the_bank_of_the_temple_tank_in_the_Golden_Temple_complex_in_Amritsar%2C_by_Underwood_and_Underwood%2C_1903.jpg,1577,1600,2024-06-23T21:26:45Z,Public domain,2026-02-28T00:51:36.639471
charminar_hyderabad_001,charminar_hyderabad_001_2cba0c8b.jpg,Charminar Hyderabad,File:1930-1931 Hyderabad State stamp featuring the Charminar.jpg,https://commons.wikimedia.org/wiki/File:1930-1931_Hyderabad_State_stamp_featuring_the_Charminar.jpg,https://upload.wikimedia.org/wikipedia/commons/thumb/1/11/1930-1931_Hyderabad_State_stamp_featuring_the_Charminar.jpg/1280px-1930-1931_Hyderabad_State_stamp_featuring_the_Charminar.jpg,1920,1080,2020-10-02T12:15:55Z,Public domain,2026-02-28T00:52:20.545669
charminar_hyderabad_002,charminar_hyderabad_002_a8088c31.jpg,Charminar Hyderabad,File:1930-1931 Hyderabad State stamp featuring the Charminar.jpg,https://commons.wikimedia.org/wiki/File:1930-1931_Hyderabad_State_stamp_featuring_the_Charminar.jpg,https://upload.wikimedia.org/wikipedia/commons/thumb/1/11/1930-1931_Hyderabad_State_stamp_featuring_the_Charminar.jpg/1280px-1930-1931_Hyderabad_State_stamp_featuring_the_Charminar.jpg,1920,1080,2020-10-02T12:15:55Z,Public domain,2026-02-28T00:52:20.545669
charminar_hyderabad_003,charminar_hyderabad_003_a875933c.jpg,Charminar Hyderabad,File:1930-1931 Hyderabad State stamp featuring the Charminar.jpg,https://commons.wikimedia.org/wiki/File:1930-1931_Hyderabad_State_stamp_featuring_the_Charminar.jpg,https://upload.wikimedia.org/wikipedia/commons/thumb/1/11/1930-1931_Hyderabad_State_stamp_featuring_the_Charminar.jpg/1280px-1930-1931_Hyderabad_State_stamp_featuring_the_Charminar.jpg,1920,1080,2020-10-02T12:15:55Z,Public domain,2026-02-28T00:52:20.545669
charminar_hyderabad_004,charminar_hyderabad_004_9678c970.jpg,Charminar Hyderabad,File:1930-1931 Hyderabad State stamp featuring the Charminar.jpg,https://commons.wikimedia.org/wiki/File:1930-1931_Hyderabad_State_stamp_featuring_the_Charminar.jpg,https://upload.wikimedia.org/wikipedia/commons/thumb/1/11/1930-1931_Hyderabad_State_stamp_featuring_the_Charminar.jpg/1280px-1930-1931_Hyderabad_State_stamp_featuring_the_Charminar.jpg,1920,1080,2020-10-02T12:15:55Z,Public domain,2026-02-28T00:52:20.545669
charminar_hyderabad_005,charminar_hyderabad_005_1c880d2d.jpg,Charminar Hyderabad,File:1930-1931 Hyderabad State stamp featuring the Charminar.jpg,https://commons.wikimedia.org/wiki/File:1930-1931_Hyderabad_State_stamp_featuring_the_Charminar.jpg,https://upload.wikimedia.org/wikipedia/commons/thumb/1/11/1930-1931_Hyderabad_State_stamp_featuring_the_Charminar.jpg/1280px-1930-1931_Hyderabad_State_stamp_featuring_the_Charminar.jpg,1920,1080,2020-10-02T12:15:55Z,Public domain,2026-02-28T00:52:20.545669
charminar_hyderabad_006,charminar_hyderabad_006_cae62783.jpg,Charminar Hyderabad,File:1930-1931 Hyderabad State stamp featuring the Charminar.jpg,https://commons.wikimedia.org/wiki/File:1930-1931_Hyderabad_State_stamp_featuring_the_Charminar.jpg,https://upload.wikimedia.org/wikipedia/commons/thumb/1/11/1930-1931_Hyderabad_State_stamp_featuring_the_Charminar.jpg/1280px-1930-1931_Hyderabad_State_stamp_featuring_the_Charminar.jpg,1920,1080,2020-10-02T12:15:55Z,Public domain,2026-02-28T00:52:20.545669
charminar_hyderabad_007,charminar_hyderabad_007_14ed7d19.jpg,Charminar Hyderabad,File:1930-1931 Hyderabad State stamp featuring the Charminar.jpg,https://commons.wikimedia.org/wiki/File:1930-1931_Hyderabad_State_stamp_featuring_the_Charminar.jpg,https://upload.wikimedia.org/wikipedia/commons/thumb/1/11/1930-1931_Hyderabad_State_stamp_featuring_the_Charminar.jpg/1280px-1930-1931_Hyderabad_State_stamp_featuring_the_Charminar.jpg,1920,1080,2020-10-02T12:15:55Z,Public domain,2026-02-28T00:52:20.545669
charminar_hyderabad_008,charminar_hyderabad_008_b3efbb19.jpg,Charminar Hyderabad,File:1930-1931 Hyderabad State stamp featuring the Charminar.jpg,https://commons.wikimedia.org/wiki/File:1930-1931_Hyderabad_State_stamp_featuring_the_Charminar.jpg,https://upload.wikimedia.org/wikipedia/commons/thumb/1/11/1930-1931_Hyderabad_State_stamp_featuring_the_Charminar.jpg/1280px-1930-1931_Hyderabad_State_stamp_featuring_the_Charminar.jpg,1920,1080,2020-10-02T12:15:55Z,Public domain,2026-02-28T00:52:20.545669
charminar_hyderabad_009,charminar_hyderabad_009_4849310e.jpg,Charminar Hyderabad,File:1930-1931 Hyderabad State stamp featuring the Charminar.jpg,https://commons.wikimedia.org/wiki/File:1930-1931_Hyderabad_State_stamp_featuring_the_Charminar.jpg,https://upload.wikimedia.org/wikipedia/commons/thumb/1/11/1930-1931_Hyderabad_State_stamp_featuring_the_Charminar.jpg/1280px-1930-1931_Hyderabad_State_stamp_featuring_the_Charminar.jpg,1920,1080,2020-10-02T12:15:55Z,Public domain,2026-02-28T00:52:20.545669
charminar_hyderabad_010,charminar_hyderabad_010_792cc669.jpg,Charminar Hyderabad,File:1930-1931 Hyderabad State stamp featuring the Charminar.jpg,https://commons.wikimedia.org/wiki/File:1930-1931_Hyderabad_State_stamp_featuring_the_Charminar.jpg,https://upload.wikimedia.org/wikipedia/commons/thumb/1/11/1930-1931_Hyderabad_State_stamp_featuring_the_Charminar.jpg/1280px-1930-1931_Hyderabad_State_stamp_featuring_the_Charminar.jpg,1920,1080,2020-10-02T12:15:55Z,Public domain,2026-02-28T00:52:20.545669
charminar_hyderabad_011,charminar_hyderabad_011_51a8208e.jpg,Charminar Hyderabad,File:1930-1931 Hyderabad State stamp featuring the Charminar.jpg,https://commons.wikimedia.org/wiki/File:1930-1931_Hyderabad_State_stamp_featuring_the_Charminar.jpg,https://upload.wikimedia.org/wikipedia/commons/thumb/1/11/1930-1931_Hyderabad_State_stamp_featuring_the_Charminar.jpg/1280px-1930-1931_Hyderabad_State_stamp_featuring_the_Charminar.jpg,1920,1080,2020-10-02T12:15:55Z,Public domain,2026-02-28T00:52:20.545669
charminar_hyderabad_012,charminar_hyderabad_012_6f3be01b.jpg,Charminar Hyderabad,File:1930-1931 Hyderabad State stamp featuring the Charminar.jpg,https://commons.wikimedia.org/wiki/File:1930-1931_Hyderabad_State_stamp_featuring_the_Charminar.jpg,https://upload.wikimedia.org/wikipedia/commons/thumb/1/11/1930-1931_Hyderabad_State_stamp_featuring_the_Charminar.jpg/1280px-1930-1931_Hyderabad_State_stamp_featuring_the_Charminar.jpg,1920,1080,2020-10-02T12:15:55Z,Public domain,2026-02-28T00:52:20.545669
charminar_hyderabad_013,charminar_hyderabad_013_83522eec.jpg,Charminar Hyderabad,File:1930-1931 Hyderabad State stamp featuring the Charminar.jpg,https://commons.wikimedia.org/wiki/File:1930-1931_Hyderabad_State_stamp_featuring_the_Charminar.jpg,https://upload.wikimedia.org/wikipedia/commons/thumb/1/11/1930-1931_Hyderabad_State_stamp_featuring_the_Charminar.jpg/1280px-1930-1931_Hyderabad_State_stamp_featuring_the_Charminar.jpg,1920,1080,2020-10-02T12:15:55Z,Public domain,2026-02-28T00:52:20.545669
charminar_hyderabad_014,charminar_hyderabad_014_164967c7.jpg,Charminar Hyderabad,File:1930-1931 Hyderabad State stamp featuring the Charminar.jpg,https://commons.wikimedia.org/wiki/File:1930-1931_Hyderabad_State_stamp_featuring_the_Charminar.jpg,https://upload.wikimedia.org/wikipedia/commons/thumb/1/11/1930-1931_Hyderabad_State_stamp_featuring_the_Charminar.jpg/1280px-1930-1931_Hyderabad_State_stamp_featuring_the_Charminar.jpg,1920,1080,2020-10-02T12:15:55Z,Public domain,2026-02-28T00:52:20.545669
charminar_hyderabad_015,charminar_hyderabad_015_ab03b573.jpg,Charminar Hyderabad,File:1930-1931 Hyderabad State stamp featuring the Charminar.jpg,https://commons.wikimedia.org/wiki/File:1930-1931_Hyderabad_State_stamp_featuring_the_Charminar.jpg,https://upload.wikimedia.org/wikipedia/commons/thumb/1/11/1930-1931_Hyderabad_State_stamp_featuring_the_Charminar.jpg/1280px-1930-1931_Hyderabad_State_stamp_featuring_the_Charminar.jpg,1920,1080,2020-10-02T12:15:55Z,Public domain,2026-02-28T00:52:20.545669
charminar_hyderabad_016,charminar_hyderabad_016_3c2ae265.jpg,Charminar Hyderabad,File:1930-1931 Hyderabad State stamp featuring the Charminar.jpg,https://commons.wikimedia.org/wiki/File:1930-1931_Hyderabad_State_stamp_featuring_the_Charminar.jpg,https://upload.wikimedia.org/wikipedia/commons/thumb/1/11/1930-1931_Hyderabad_State_stamp_featuring_the_Charminar.jpg/1280px-1930-1931_Hyderabad_State_stamp_featuring_the_Charminar.jpg,1920,1080,2020-10-02T12:15:55Z,Public domain,2026-02-28T00:52:20.545669
charminar_hyderabad_017,charminar_hyderabad_017_1440807b.jpg,Charminar Hyderabad,File:1930-1931 Hyderabad State stamp featuring the Charminar.jpg,https://commons.wikimedia.org/wiki/File:1930-1931_Hyderabad_State_stamp_featuring_the_Charminar.jpg,https://upload.wikimedia.org/wikipedia/commons/thumb/1/11/1930-1931_Hyderabad_State_stamp_featuring_the_Charminar.jpg/1280px-1930-1931_Hyderabad_State_stamp_featuring_the_Charminar.jpg,1920,1080,2020-10-02T12:15:55Z,Public domain,2026-02-28T00:52:20.545669
charminar_hyderabad_018,charminar_hyderabad_018_357e89a8.jpg,Charminar Hyderabad,File:1930-1931 Hyderabad State stamp featuring the Charminar.jpg,https://commons.wikimedia.org/wiki/File:1930-1931_Hyderabad_State_stamp_featuring_the_Charminar.jpg,https://upload.wikimedia.org/wikipedia/commons/thumb/1/11/1930-1931_Hyderabad_State_stamp_featuring_the_Charminar.jpg/1280px-1930-1931_Hyderabad_State_stamp_featuring_the_Charminar.jpg,1920,1080,2020-10-02T12:15:55Z,Public domain,2026-02-28T00:52:20.545669
charminar_hyderabad_019,charminar_hyderabad_019_37b74439.jpg,Charminar Hyderabad,File:1930-1931 Hyderabad State stamp featuring the Charminar.jpg,https://commons.wikimedia.org/wiki/File:1930-1931_Hyderabad_State_stamp_featuring_the_Charminar.jpg,https://upload.wikimedia.org/wikipedia/commons/thumb/1/11/1930-1931_Hyderabad_State_stamp_featuring_the_Charminar.jpg/1280px-1930-1931_Hyderabad_State_stamp_featuring_the_Charminar.jpg,1920,1080,2020-10-02T12:15:55Z,Public domain,2026-02-28T00:52:20.545669
charminar_hyderabad_020,charminar_hyderabad_020_563ff9cf.jpg,Charminar Hyderabad,File:1930-1931 Hyderabad State stamp featuring the Charminar.jpg,https://commons.wikimedia.org/wiki/File:1930-1931_Hyderabad_State_stamp_featuring_the_Charminar.jpg,https://upload.wikimedia.org/wikipedia/commons/thumb/1/11/1930-1931_Hyderabad_State_stamp_featuring_the_Charminar.jpg/1280px-1930-1931_Hyderabad_State_stamp_featuring_the_Charminar.jpg,1920,1080,2020-10-02T12:15:55Z,Public domain,2026-02-28T00:52:20.545669
charminar_hyderabad_021,charminar_hyderabad_021_5af8bc11.jpg,Charminar Hyderabad,File:1930-1931 Hyderabad State stamp featuring the Charminar.jpg,https://commons.wikimedia.org/wiki/File:1930-1931_Hyderabad_State_stamp_featuring_the_Charminar.jpg,https://upload.wikimedia.org/wikipedia/commons/thumb/1/11/1930-1931_Hyderabad_State_stamp_featuring_the_Charminar.jpg/1280px-1930-1931_Hyderabad_State_stamp_featuring_the_Charminar.jpg,1920,1080,2020-10-02T12:15:55Z,Public domain,2026-02-28T00:52:20.545669
charminar_hyderabad_022,charminar_hyderabad_022_83e8c2a0.jpg,Charminar Hyderabad,File:1930-1931 Hyderabad State stamp featuring the Charminar.jpg,https://commons.wikimedia.org/wiki/File:1930-1931_Hyderabad_State_stamp_featuring_the_Charminar.jpg,https://upload.wikimedia.org/wikipedia/commons/thumb/1/11/1930-1931_Hyderabad_State_stamp_featuring_the_Charminar.jpg/1280px-1930-1931_Hyderabad_State_stamp_featuring_the_Charminar.jpg,1920,1080,2020-10-02T12:15:55Z,Public domain,2026-02-28T00:52:20.545669
charminar_hyderabad_023,charminar_hyderabad_023_58f0e174.jpg,Charminar Hyderabad,File:1930-1931 Hyderabad State stamp featuring the Charminar.jpg,https://commons.wikimedia.org/wiki/File:1930-1931_Hyderabad_State_stamp_featuring_the_Charminar.jpg,https://upload.wikimedia.org/wikipedia/commons/thumb/1/11/1930-1931_Hyderabad_State_stamp_featuring_the_Charminar.jpg/1280px-1930-1931_Hyderabad_State_stamp_featuring_the_Charminar.jpg,1920,1080,2020-10-02T12:15:55Z,Public domain,2026-02-28T00:52:20.545669
victoria_memorial_kolkata_001,victoria_memorial_kolkata_001_9f6bbdef.jpg,Victoria Memorial Kolkata,File:A painting inside the Victoria memorial; Kolkata (1).jpg,https://commons.wikimedia.org/wiki/File:A_painting_inside_the_Victoria_memorial;_Kolkata_(1).jpg,https://upload.wikimedia.org/wikipedia/commons/thumb/b/b8/A_painting_inside_the_Victoria_memorial%2C_Kolkata_%281%29.jpg/1280px-A_painting_inside_the_Victoria_memorial%2C_Kolkata_%281%29.jpg,4096,3072,2025-04-09T16:45:14Z,CC0,2026-02-28T00:53:02.288818
victoria_memorial_kolkata_002,victoria_memorial_kolkata_002_6c52446a.jpg,Victoria Memorial Kolkata,File:A painting inside the Victoria memorial; Kolkata (1).jpg,https://commons.wikimedia.org/wiki/File:A_painting_inside_the_Victoria_memorial;_Kolkata_(1).jpg,https://upload.wikimedia.org/wikipedia/commons/thumb/b/b8/A_painting_inside_the_Victoria_memorial%2C_Kolkata_%281%29.jpg/1280px-A_painting_inside_the_Victoria_memorial%2C_Kolkata_%281%29.jpg,4096,3072,2025-04-09T16:45:14Z,CC0,2026-02-28T00:53:02.288818
victoria_memorial_kolkata_003,victoria_memorial_kolkata_003_75ec1a8b.jpg,Victoria Memorial Kolkata,File:A painting inside the Victoria memorial; Kolkata (1).jpg,https://commons.wikimedia.org/wiki/File:A_painting_inside_the_Victoria_memorial;_Kolkata_(1).jpg,https://upload.wikimedia.org/wikipedia/commons/thumb/b/b8/A_painting_inside_the_Victoria_memorial%2C_Kolkata_%281%29.jpg/1280px-A_painting_inside_the_Victoria_memorial%2C_Kolkata_%281%29.jpg,4096,3072,2025-04-09T16:45:14Z,CC0,2026-02-28T00:53:02.288818
victoria_memorial_kolkata_004,victoria_memorial_kolkata_004_b7b8c631.jpg,Victoria Memorial Kolkata,File:A painting inside the Victoria memorial; Kolkata (1).jpg,https://commons.wikimedia.org/wiki/File:A_painting_inside_the_Victoria_memorial;_Kolkata_(1).jpg,https://upload.wikimedia.org/wikipedia/commons/thumb/b/b8/A_painting_inside_the_Victoria_memorial%2C_Kolkata_%281%29.jpg/1280px-A_painting_inside_the_Victoria_memorial%2C_Kolkata_%281%29.jpg,4096,3072,2025-04-09T16:45:14Z,CC0,2026-02-28T00:53:02.288818
victoria_memorial_kolkata_005,victoria_memorial_kolkata_005_68dc7d67.jpg,Victoria Memorial Kolkata,File:A painting inside the Victoria memorial; Kolkata (1).jpg,https://commons.wikimedia.org/wiki/File:A_painting_inside_the_Victoria_memorial;_Kolkata_(1).jpg,https://upload.wikimedia.org/wikipedia/commons/thumb/b/b8/A_painting_inside_the_Victoria_memorial%2C_Kolkata_%281%29.jpg/1280px-A_painting_inside_the_Victoria_memorial%2C_Kolkata_%281%29.jpg,4096,3072,2025-04-09T16:45:14Z,CC0,2026-02-28T00:53:02.288818
victoria_memorial_kolkata_006,victoria_memorial_kolkata_006_08f7898c.jpg,Victoria Memorial Kolkata,File:A painting inside the Victoria memorial; Kolkata (1).jpg,https://commons.wikimedia.org/wiki/File:A_painting_inside_the_Victoria_memorial;_Kolkata_(1).jpg,https://upload.wikimedia.org/wikipedia/commons/thumb/b/b8/A_painting_inside_the_Victoria_memorial%2C_Kolkata_%281%29.jpg/1280px-A_painting_inside_the_Victoria_memorial%2C_Kolkata_%281%29.jpg,4096,3072,2025-04-09T16:45:14Z,CC0,2026-02-28T00:53:02.288818
victoria_memorial_kolkata_007,victoria_memorial_kolkata_007_1567793d.jpg,Victoria Memorial Kolkata,File:A painting inside the Victoria memorial; Kolkata (1).jpg,https://commons.wikimedia.org/wiki/File:A_painting_inside_the_Victoria_memorial;_Kolkata_(1).jpg,https://upload.wikimedia.org/wikipedia/commons/thumb/b/b8/A_painting_inside_the_Victoria_memorial%2C_Kolkata_%281%29.jpg/1280px-A_painting_inside_the_Victoria_memorial%2C_Kolkata_%281%29.jpg,4096,3072,2025-04-09T16:45:14Z,CC0,2026-02-28T00:53:02.288818
victoria_memorial_kolkata_008,victoria_memorial_kolkata_008_ee35dd82.jpg,Victoria Memorial Kolkata,File:A painting inside the Victoria memorial; Kolkata (1).jpg,https://commons.wikimedia.org/wiki/File:A_painting_inside_the_Victoria_memorial;_Kolkata_(1).jpg,https://upload.wikimedia.org/wikipedia/commons/thumb/b/b8/A_painting_inside_the_Victoria_memorial%2C_Kolkata_%281%29.jpg/1280px-A_painting_inside_the_Victoria_memorial%2C_Kolkata_%281%29.jpg,4096,3072,2025-04-09T16:45:14Z,CC0,2026-02-28T00:53:02.288818
victoria_memorial_kolkata_009,victoria_memorial_kolkata_009_d52df1d6.jpg,Victoria Memorial Kolkata,File:A painting inside the Victoria memorial; Kolkata (1).jpg,https://commons.wikimedia.org/wiki/File:A_painting_inside_the_Victoria_memorial;_Kolkata_(1).jpg,https://upload.wikimedia.org/wikipedia/commons/thumb/b/b8/A_painting_inside_the_Victoria_memorial%2C_Kolkata_%281%29.jpg/1280px-A_painting_inside_the_Victoria_memorial%2C_Kolkata_%281%29.jpg,4096,3072,2025-04-09T16:45:14Z,CC0,2026-02-28T00:53:02.288818
victoria_memorial_kolkata_010,victoria_memorial_kolkata_010_f82591e1.jpg,Victoria Memorial Kolkata,File:A painting inside the Victoria memorial; Kolkata (1).jpg,https://commons.wikimedia.org/wiki/File:A_painting_inside_the_Victoria_memorial;_Kolkata_(1).jpg,https://upload.wikimedia.org/wikipedia/commons/thumb/b/b8/A_painting_inside_the_Victoria_memorial%2C_Kolkata_%281%29.jpg/1280px-A_painting_inside_the_Victoria_memorial%2C_Kolkata_%281%29.jpg,4096,3072,2025-04-09T16:45:14Z,CC0,2026-02-28T00:53:02.288818
victoria_memorial_kolkata_011,victoria_memorial_kolkata_011_5ac3b1b6.jpg,Victoria Memorial Kolkata,File:A painting inside the Victoria memorial; Kolkata (1).jpg,https://commons.wikimedia.org/wiki/File:A_painting_inside_the_Victoria_memorial;_Kolkata_(1).jpg,https://upload.wikimedia.org/wikipedia/commons/thumb/b/b8/A_painting_inside_the_Victoria_memorial%2C_Kolkata_%281%29.jpg/1280px-A_painting_inside_the_Victoria_memorial%2C_Kolkata_%281%29.jpg,4096,3072,2025-04-09T16:45:14Z,CC0,2026-02-28T00:53:02.288818
victoria_memorial_kolkata_012,victoria_memorial_kolkata_012_642b6a98.jpg,Victoria Memorial Kolkata,File:A painting inside the Victoria memorial; Kolkata (1).jpg,https://commons.wikimedia.org/wiki/File:A_painting_inside_the_Victoria_memorial;_Kolkata_(1).jpg,https://upload.wikimedia.org/wikipedia/commons/thumb/b/b8/A_painting_inside_the_Victoria_memorial%2C_Kolkata_%281%29.jpg/1280px-A_painting_inside_the_Victoria_memorial%2C_Kolkata_%281%29.jpg,4096,3072,2025-04-09T16:45:14Z,CC0,2026-02-28T00:53:02.288818
victoria_memorial_kolkata_013,victoria_memorial_kolkata_013_14198271.jpg,Victoria Memorial Kolkata,File:A painting inside the Victoria memorial; Kolkata (1).jpg,https://commons.wikimedia.org/wiki/File:A_painting_inside_the_Victoria_memorial;_Kolkata_(1).jpg,https://upload.wikimedia.org/wikipedia/commons/thumb/b/b8/A_painting_inside_the_Victoria_memorial%2C_Kolkata_%281%29.jpg/1280px-A_painting_inside_the_Victoria_memorial%2C_Kolkata_%281%29.jpg,4096,3072,2025-04-09T16:45:14Z,CC0,2026-02-28T00:53:02.288818
victoria_memorial_kolkata_014,victoria_memorial_kolkata_014_709a6882.jpg,Victoria Memorial Kolkata,File:A painting inside the Victoria memorial; Kolkata (1).jpg,https://commons.wikimedia.org/wiki/File:A_painting_inside_the_Victoria_memorial;_Kolkata_(1).jpg,https://upload.wikimedia.org/wikipedia/commons/thumb/b/b8/A_painting_inside_the_Victoria_memorial%2C_Kolkata_%281%29.jpg/1280px-A_painting_inside_the_Victoria_memorial%2C_Kolkata_%281%29.jpg,4096,3072,2025-04-09T16:45:14Z,CC0,2026-02-28T00:53:02.288818
victoria_memorial_kolkata_015,victoria_memorial_kolkata_015_252d8cf3.jpg,Victoria Memorial Kolkata,File:A painting inside the Victoria memorial; Kolkata (1).jpg,https://commons.wikimedia.org/wiki/File:A_painting_inside_the_Victoria_memorial;_Kolkata_(1).jpg,https://upload.wikimedia.org/wikipedia/commons/thumb/b/b8/A_painting_inside_the_Victoria_memorial%2C_Kolkata_%281%29.jpg/1280px-A_painting_inside_the_Victoria_memorial%2C_Kolkata_%281%29.jpg,4096,3072,2025-04-09T16:45:14Z,CC0,2026-02-28T00:53:02.288818
victoria_memorial_kolkata_016,victoria_memorial_kolkata_016_5ebe01d2.jpg,Victoria Memorial Kolkata,File:A painting inside the Victoria memorial; Kolkata (1).jpg,https://commons.wikimedia.org/wiki/File:A_painting_inside_the_Victoria_memorial;_Kolkata_(1).jpg,https://upload.wikimedia.org/wikipedia/commons/thumb/b/b8/A_painting_inside_the_Victoria_memorial%2C_Kolkata_%281%29.jpg/1280px-A_painting_inside_the_Victoria_memorial%2C_Kolkata_%281%29.jpg,4096,3072,2025-04-09T16:45:14Z,CC0,2026-02-28T00:53:02.288818
victoria_memorial_kolkata_017,victoria_memorial_kolkata_017_7b0762ab.jpg,Victoria Memorial Kolkata,File:A painting inside the Victoria memorial; Kolkata (1).jpg,https://commons.wikimedia.org/wiki/File:A_painting_inside_the_Victoria_memorial;_Kolkata_(1).jpg,https://upload.wikimedia.org/wikipedia/commons/thumb/b/b8/A_painting_inside_the_Victoria_memorial%2C_Kolkata_%281%29.jpg/1280px-A_painting_inside_the_Victoria_memorial%2C_Kolkata_%281%29.jpg,4096,3072,2025-04-09T16:45:14Z,CC0,2026-02-28T00:53:02.288818
victoria_memorial_kolkata_018,victoria_memorial_kolkata_018_8deed010.jpg,Victoria Memorial Kolkata,File:A painting inside the Victoria memorial; Kolkata (1).jpg,https://commons.wikimedia.org/wiki/File:A_painting_inside_the_Victoria_memorial;_Kolkata_(1).jpg,https://upload.wikimedia.org/wikipedia/commons/thumb/b/b8/A_painting_inside_the_Victoria_memorial%2C_Kolkata_%281%29.jpg/1280px-A_painting_inside_the_Victoria_memorial%2C_Kolkata_%281%29.jpg,4096,3072,2025-04-09T16:45:14Z,CC0,2026-02-28T00:53:02.288818
victoria_memorial_kolkata_019,victoria_memorial_kolkata_019_befe97d7.jpg,Victoria Memorial Kolkata,File:A painting inside the Victoria memorial; Kolkata (1).jpg,https://commons.wikimedia.org/wiki/File:A_painting_inside_the_Victoria_memorial;_Kolkata_(1).jpg,https://upload.wikimedia.org/wikipedia/commons/thumb/b/b8/A_painting_inside_the_Victoria_memorial%2C_Kolkata_%281%29.jpg/1280px-A_painting_inside_the_Victoria_memorial%2C_Kolkata_%281%29.jpg,4096,3072,2025-04-09T16:45:14Z,CC0,2026-02-28T00:53:02.288818
victoria_memorial_kolkata_020,victoria_memorial_kolkata_020_3bf9c5d2.jpg,Victoria Memorial Kolkata,File:A painting inside the Victoria memorial; Kolkata (1).jpg,https://commons.wikimedia.org/wiki/File:A_painting_inside_the_Victoria_memorial;_Kolkata_(1).jpg,https://upload.wikimedia.org/wikipedia/commons/thumb/b/b8/A_painting_inside_the_Victoria_memorial%2C_Kolkata_%281%29.jpg/1280px-A_painting_inside_the_Victoria_memorial%2C_Kolkata_%281%29.jpg,4096,3072,2025-04-09T16:45:14Z,CC0,2026-02-28T00:53:02.288818
hawa_mahal_jaipur_001,hawa_mahal_jaipur_001_008a8686.jpg,Hawa Mahal Jaipur,File:2013-Jaipur-Hawa-Mahal-104.JPG,https://commons.wikimedia.org/wiki/File:2013-Jaipur-Hawa-Mahal-104.JPG,https://upload.wikimedia.org/wikipedia/commons/thumb/4/4a/2013-Jaipur-Hawa-Mahal-104.JPG/1280px-2013-Jaipur-Hawa-Mahal-104.JPG,2016,3024,2013-09-30T21:33:25Z,CC BY-SA 3.0,2026-02-28T00:53:45.737293
hawa_mahal_jaipur_002,hawa_mahal_jaipur_002_ae88cd40.jpg,Hawa Mahal Jaipur,File:2013-Jaipur-Hawa-Mahal-104.JPG,https://commons.wikimedia.org/wiki/File:2013-Jaipur-Hawa-Mahal-104.JPG,https://upload.wikimedia.org/wikipedia/commons/thumb/4/4a/2013-Jaipur-Hawa-Mahal-104.JPG/1280px-2013-Jaipur-Hawa-Mahal-104.JPG,2016,3024,2013-09-30T21:33:25Z,CC BY-SA 3.0,2026-02-28T00:53:45.737293
hawa_mahal_jaipur_003,hawa_mahal_jaipur_003_bdeb9947.jpg,Hawa Mahal Jaipur,File:2013-Jaipur-Hawa-Mahal-104.JPG,https://commons.wikimedia.org/wiki/File:2013-Jaipur-Hawa-Mahal-104.JPG,https://upload.wikimedia.org/wikipedia/commons/thumb/4/4a/2013-Jaipur-Hawa-Mahal-104.JPG/1280px-2013-Jaipur-Hawa-Mahal-104.JPG,2016,3024,2013-09-30T21:33:25Z,CC BY-SA 3.0,2026-02-28T00:53:45.737293
hawa_mahal_jaipur_004,hawa_mahal_jaipur_004_87b2c90f.jpg,Hawa Mahal Jaipur,File:2013-Jaipur-Hawa-Mahal-104.JPG,https://commons.wikimedia.org/wiki/File:2013-Jaipur-Hawa-Mahal-104.JPG,https://upload.wikimedia.org/wikipedia/commons/thumb/4/4a/2013-Jaipur-Hawa-Mahal-104.JPG/1280px-2013-Jaipur-Hawa-Mahal-104.JPG,2016,3024,2013-09-30T21:33:25Z,CC BY-SA 3.0,2026-02-28T00:53:45.737293
hawa_mahal_jaipur_005,hawa_mahal_jaipur_005_75cf9f5e.jpg,Hawa Mahal Jaipur,File:2013-Jaipur-Hawa-Mahal-104.JPG,https://commons.wikimedia.org/wiki/File:2013-Jaipur-Hawa-Mahal-104.JPG,https://upload.wikimedia.org/wikipedia/commons/thumb/4/4a/2013-Jaipur-Hawa-Mahal-104.JPG/1280px-2013-Jaipur-Hawa-Mahal-104.JPG,2016,3024,2013-09-30T21:33:25Z,CC BY-SA 3.0,2026-02-28T00:53:45.737293
hawa_mahal_jaipur_006,hawa_mahal_jaipur_006_5a4223cd.jpg,Hawa Mahal Jaipur,File:2013-Jaipur-Hawa-Mahal-104.JPG,https://commons.wikimedia.org/wiki/File:2013-Jaipur-Hawa-Mahal-104.JPG,https://upload.wikimedia.org/wikipedia/commons/thumb/4/4a/2013-Jaipur-Hawa-Mahal-104.JPG/1280px-2013-Jaipur-Hawa-Mahal-104.JPG,2016,3024,2013-09-30T21:33:25Z,CC BY-SA 3.0,2026-02-28T00:53:45.737293
hawa_mahal_jaipur_007,hawa_mahal_jaipur_007_852281f7.jpg,Hawa Mahal Jaipur,File:2013-Jaipur-Hawa-Mahal-104.JPG,https://commons.wikimedia.org/wiki/File:2013-Jaipur-Hawa-Mahal-104.JPG,https://upload.wikimedia.org/wikipedia/commons/thumb/4/4a/2013-Jaipur-Hawa-Mahal-104.JPG/1280px-2013-Jaipur-Hawa-Mahal-104.JPG,2016,3024,2013-09-30T21:33:25Z,CC BY-SA 3.0,2026-02-28T00:53:45.737293
hawa_mahal_jaipur_008,hawa_mahal_jaipur_008_aa6e80d9.jpg,Hawa Mahal Jaipur,File:2013-Jaipur-Hawa-Mahal-104.JPG,https://commons.wikimedia.org/wiki/File:2013-Jaipur-Hawa-Mahal-104.JPG,https://upload.wikimedia.org/wikipedia/commons/thumb/4/4a/2013-Jaipur-Hawa-Mahal-104.JPG/1280px-2013-Jaipur-Hawa-Mahal-104.JPG,2016,3024,2013-09-30T21:33:25Z,CC BY-SA 3.0,2026-02-28T00:53:45.737293
hawa_mahal_jaipur_009,hawa_mahal_jaipur_009_afffe175.jpg,Hawa Mahal Jaipur,File:2013-Jaipur-Hawa-Mahal-104.JPG,https://commons.wikimedia.org/wiki/File:2013-Jaipur-Hawa-Mahal-104.JPG,https://upload.wikimedia.org/wikipedia/commons/thumb/4/4a/2013-Jaipur-Hawa-Mahal-104.JPG/1280px-2013-Jaipur-Hawa-Mahal-104.JPG,2016,3024,2013-09-30T21:33:25Z,CC BY-SA 3.0,2026-02-28T00:53:45.737293
hawa_mahal_jaipur_010,hawa_mahal_jaipur_010_65508e85.jpg,Hawa Mahal Jaipur,File:2013-Jaipur-Hawa-Mahal-104.JPG,https://commons.wikimedia.org/wiki/File:2013-Jaipur-Hawa-Mahal-104.JPG,https://upload.wikimedia.org/wikipedia/commons/thumb/4/4a/2013-Jaipur-Hawa-Mahal-104.JPG/1280px-2013-Jaipur-Hawa-Mahal-104.JPG,2016,3024,2013-09-30T21:33:25Z,CC BY-SA 3.0,2026-02-28T00:53:45.737293
hawa_mahal_jaipur_011,hawa_mahal_jaipur_011_ca41c4ea.jpg,Hawa Mahal Jaipur,File:2013-Jaipur-Hawa-Mahal-104.JPG,https://commons.wikimedia.org/wiki/File:2013-Jaipur-Hawa-Mahal-104.JPG,https://upload.wikimedia.org/wikipedia/commons/thumb/4/4a/2013-Jaipur-Hawa-Mahal-104.JPG/1280px-2013-Jaipur-Hawa-Mahal-104.JPG,2016,3024,2013-09-30T21:33:25Z,CC BY-SA 3.0,2026-02-28T00:53:45.737293
hawa_mahal_jaipur_012,hawa_mahal_jaipur_012_68670dc1.jpg,Hawa Mahal Jaipur,File:2013-Jaipur-Hawa-Mahal-104.JPG,https://commons.wikimedia.org/wiki/File:2013-Jaipur-Hawa-Mahal-104.JPG,https://upload.wikimedia.org/wikipedia/commons/thumb/4/4a/2013-Jaipur-Hawa-Mahal-104.JPG/1280px-2013-Jaipur-Hawa-Mahal-104.JPG,2016,3024,2013-09-30T21:33:25Z,CC BY-SA 3.0,2026-02-28T00:53:45.737293
hawa_mahal_jaipur_013,hawa_mahal_jaipur_013_ae6aa62d.jpg,Hawa Mahal Jaipur,File:2013-Jaipur-Hawa-Mahal-104.JPG,https://commons.wikimedia.org/wiki/File:2013-Jaipur-Hawa-Mahal-104.JPG,https://upload.wikimedia.org/wikipedia/commons/thumb/4/4a/2013-Jaipur-Hawa-Mahal-104.JPG/1280px-2013-Jaipur-Hawa-Mahal-104.JPG,2016,3024,2013-09-30T21:33:25Z,CC BY-SA 3.0,2026-02-28T00:53:45.737293
hawa_mahal_jaipur_014,hawa_mahal_jaipur_014_74c4cec0.jpg,Hawa Mahal Jaipur,File:2013-Jaipur-Hawa-Mahal-104.JPG,https://commons.wikimedia.org/wiki/File:2013-Jaipur-Hawa-Mahal-104.JPG,https://upload.wikimedia.org/wikipedia/commons/thumb/4/4a/2013-Jaipur-Hawa-Mahal-104.JPG/1280px-2013-Jaipur-Hawa-Mahal-104.JPG,2016,3024,2013-09-30T21:33:25Z,CC BY-SA 3.0,2026-02-28T00:53:45.737293
hawa_mahal_jaipur_015,hawa_mahal_jaipur_015_74bc15b0.jpg,Hawa Mahal Jaipur,File:2013-Jaipur-Hawa-Mahal-104.JPG,https://commons.wikimedia.org/wiki/File:2013-Jaipur-Hawa-Mahal-104.JPG,https://upload.wikimedia.org/wikipedia/commons/thumb/4/4a/2013-Jaipur-Hawa-Mahal-104.JPG/1280px-2013-Jaipur-Hawa-Mahal-104.JPG,2016,3024,2013-09-30T21:33:25Z,CC BY-SA 3.0,2026-02-28T00:53:45.737293
hawa_mahal_jaipur_016,hawa_mahal_jaipur_016_2e110a08.jpg,Hawa Mahal Jaipur,File:2013-Jaipur-Hawa-Mahal-104.JPG,https://commons.wikimedia.org/wiki/File:2013-Jaipur-Hawa-Mahal-104.JPG,https://upload.wikimedia.org/wikipedia/commons/thumb/4/4a/2013-Jaipur-Hawa-Mahal-104.JPG/1280px-2013-Jaipur-Hawa-Mahal-104.JPG,2016,3024,2013-09-30T21:33:25Z,CC BY-SA 3.0,2026-02-28T00:53:45.737293
hawa_mahal_jaipur_017,hawa_mahal_jaipur_017_575fcf35.jpg,Hawa Mahal Jaipur,File:2013-Jaipur-Hawa-Mahal-104.JPG,https://commons.wikimedia.org/wiki/File:2013-Jaipur-Hawa-Mahal-104.JPG,https://upload.wikimedia.org/wikipedia/commons/thumb/4/4a/2013-Jaipur-Hawa-Mahal-104.JPG/1280px-2013-Jaipur-Hawa-Mahal-104.JPG,2016,3024,2013-09-30T21:33:25Z,CC BY-SA 3.0,2026-02-28T00:53:45.737293
hawa_mahal_jaipur_018,hawa_mahal_jaipur_018_d5a02219.jpg,Hawa Mahal Jaipur,File:2013-Jaipur-Hawa-Mahal-104.JPG,https://commons.wikimedia.org/wiki/File:2013-Jaipur-Hawa-Mahal-104.JPG,https://upload.wikimedia.org/wikipedia/commons/thumb/4/4a/2013-Jaipur-Hawa-Mahal-104.JPG/1280px-2013-Jaipur-Hawa-Mahal-104.JPG,2016,3024,2013-09-30T21:33:25Z,CC BY-SA 3.0,2026-02-28T00:53:45.737293
hawa_mahal_jaipur_019,hawa_mahal_jaipur_019_57f20478.jpg,Hawa Mahal Jaipur,File:2013-Jaipur-Hawa-Mahal-104.JPG,https://commons.wikimedia.org/wiki/File:2013-Jaipur-Hawa-Mahal-104.JPG,https://upload.wikimedia.org/wikipedia/commons/thumb/4/4a/2013-Jaipur-Hawa-Mahal-104.JPG/1280px-2013-Jaipur-Hawa-Mahal-104.JPG,2016,3024,2013-09-30T21:33:25Z,CC BY-SA 3.0,2026-02-28T00:53:45.737293
hawa_mahal_jaipur_020,hawa_mahal_jaipur_020_68848c39.jpg,Hawa Mahal Jaipur,File:2013-Jaipur-Hawa-Mahal-104.JPG,https://commons.wikimedia.org/wiki/File:2013-Jaipur-Hawa-Mahal-104.JPG,https://upload.wikimedia.org/wikipedia/commons/thumb/4/4a/2013-Jaipur-Hawa-Mahal-104.JPG/1280px-2013-Jaipur-Hawa-Mahal-104.JPG,2016,3024,2013-09-30T21:33:25Z,CC BY-SA 3.0,2026-02-28T00:53:45.737293
hawa_mahal_jaipur_021,hawa_mahal_jaipur_021_5038f718.jpg,Hawa Mahal Jaipur,File:2013-Jaipur-Hawa-Mahal-104.JPG,https://commons.wikimedia.org/wiki/File:2013-Jaipur-Hawa-Mahal-104.JPG,https://upload.wikimedia.org/wikipedia/commons/thumb/4/4a/2013-Jaipur-Hawa-Mahal-104.JPG/1280px-2013-Jaipur-Hawa-Mahal-104.JPG,2016,3024,2013-09-30T21:33:25Z,CC BY-SA 3.0,2026-02-28T00:53:45.737293
hawa_mahal_jaipur_022,hawa_mahal_jaipur_022_85b006ed.jpg,Hawa Mahal Jaipur,File:2013-Jaipur-Hawa-Mahal-104.JPG,https://commons.wikimedia.org/wiki/File:2013-Jaipur-Hawa-Mahal-104.JPG,https://upload.wikimedia.org/wikipedia/commons/thumb/4/4a/2013-Jaipur-Hawa-Mahal-104.JPG/1280px-2013-Jaipur-Hawa-Mahal-104.JPG,2016,3024,2013-09-30T21:33:25Z,CC BY-SA 3.0,2026-02-28T00:53:45.737293
